"x","y","frame","uncertainty"
274.7694897113,296.5376814025,1,19.812
1535.7694897113,1921.5376814025,1,25.682
1531.7750576312,1890.5285024276,2,8.2344
319.7861934709,420.510144477601,4,12.823
1818.7861934709,811.510144477601,4,17.698
319.791761390799,453.500965502601,5,3.5532
1838.7917613908,810.500965502601,5,16.813
104.797329310601,424.4917865276,6,10.581
1865.7973293106,830.4917865276,6,15.399
1847.8028972305,809.4826075526,7,12.023
1814.8084651503,799.473428577701,8,14.879
125.814033070201,196.464249602701,9,13.013
1834.8140330702,840.464249602701,9,16.279
93.8196009901003,148.4550706277,10,13.102
1801.8196009901,808.4550706277,10,18.001
1825.8251689099,794.4458916527,11,17.069
1841.8363047496,837.427533702699,13,14.305
983.836304749602,1060.4275337027,13,12.335
1878.8418726695,823.418354727801,14,17.172
961.841872669502,1047.4183547278,14,19.354
1816.8474405893,825.4091757528,15,13.538
244.847440589299,1573.4091757528,15,5.9095
1894.8530085092,819.3999967778,16,20.61
245.853008509202,1588.3999967778,16,2.7014
1816.8585764291,826.3908178028,17,19.025
223.858576429102,1603.3908178028,17,4.5211
1821.8641443489,831.381638827799,18,18.639
1841.8697122688,824.372459852799,19,13.739
1830.8752801886,802.363280877798,20,13.807
1823.8808481085,818.3541019029,21,17.449
1831.8864160284,820.344922927899,22,15.327
1624.8919839482,329.335743952899,23,9.0143
1816.8919839482,767.335743952899,23,29.153
1855.8975518681,840.326564977899,24,18.725
23.9031197879012,31.3173860028983,25,4.814
1834.9031197879,875.317386002898,25,16.753
244.903119787901,1582.3173860029,25,5.2947
1634.9031197879,1689.3173860029,25,17.054
1835.9086877078,841.308207027902,26,16.756
1618.9086877078,1678.3082070279,26,5.9754
589.919823547501,544.289849077999,28,11.474
1750.9198235475,797.289849077999,28,22.261
192.930959387202,101.271491127998,30,3.2496
1816.9309593872,818.271491127998,30,14.452
1902.9309593872,1735.271491128,30,4.7166
206.936527307102,134.262312153001,31,3.8974
1815.9365273071,778.262312153001,31,15.538
1899.9365273071,1739.262312153,31,3.9091
1632.9420952269,876.253133178001,32,6.776
782.9532310666,453.234775228098,34,21.123
814.958798986499,449.225596253098,35,6.2816
13.9587989864995,1014.2255962531,35,26.741
808.964366906403,461.216417278101,36,21.966
371.964366906403,1422.2164172781,36,21.318
1613.9699348262,1688.2072383031,37,6.5177
1615.9755027461,1703.1980593281,38,6.6997
191.981070665901,98.1888803531983,39,3.4426
1849.9810706659,808.188880353198,39,19.243
225.981070665901,1583.1888803532,39,8.7689
1619.9810706659,1691.1888803532,39,6.4991
179.9866385858,107.179701378202,40,11.603
227.9866385858,1585.1797013782,40,7.548
1793.9922065057,829.170522403201,41,16.919
425.003342345401,409.1521644532,43,14.176
796.008910265202,1890.1429854782,44,5.0025
1522.0144781851,218.1338065032,45,3.7964
1526.0200461049,225.124627528301,46,2.5436
1263.0200461049,1024.1246275283,46,2.7849
1527.0256140248,223.115448553301,47,3.8184
1263.0256140248,1042.1154485533,47,5.0633
1417.0478857042,290.078732653299,51,24.552
1823.0478857042,810.078732653299,51,20.569
1139.0534536241,275.069553678401,52,4.7717
1832.0534536241,1068.0695536784,52,21.756
1159.059021544,270.0603747034,53,2.2757
1790.059021544,870.0603747034,53,12.322
1201.0645894638,284.0511957284,54,2.2798
1772.0645894638,869.0511957284,54,7.6512
386.0645894638,1240.0511957284,54,28.246
1206.0701573837,295.042016753399,55,5.0832
1851.0812932234,812.023658803399,57,16.096
1838.0868611432,843.0144798285,58,12.902
1880.1091328227,833.977763928498,62,16.907
256.114700742502,1181.9685849535,63,10.253
298.120268662402,1122.9594059786,64,4.1437
298.1258365822,1122.9502270036,65,4.437
1846.1314045021,822.941048028599,66,19.972
1921.136972422,948.931869053598,67,27.348
1354.136972422,1477.9318690536,67,21.242
1373.1425403418,1447.9226900786,68,18.532
1579.1481082617,512.913511103601,69,3.8348
731.1536761815,854.904332128699,70,8.6817
1648.1592441014,286.895153153699,71,10.767
1849.175947861,855.867616228701,74,21.048
30.1759478610002,1226.8676162287,74,8.7548
1903.1815157808,1432.8584372537,75,3.0251
1897.1926516205,901.840079303798,77,24.011
364.203787460301,580.821721353801,79,9.2065
1838.2037874603,830.821721353801,79,18.497
374.209355380102,524.812542378801,80,28.06
1857.2093553801,853.812542378801,80,21.054
1792.2149233,874.8033634038,81,23.116
732.214923300002,861.8033634038,81,4.3736
951.220491219799,768.7941844288,82,13.053
1122.2260591397,704.785005453901,83,11.632
1795.2316270595,823.775826478901,84,23.432
333.2371949794,1074.7666475039,85,19.041
1870.2371949794,858.7666475039,85,21.727
533.242762899299,697.7574685289,86,3.8021
525.2483308191,694.7482895539,87,4.1945
1812.2594666588,625.729931604001,89,6.9112
1816.2650345787,621.720752629,90,5.5984
1819.2706024986,855.711573654,91,25.224
1810.2817383383,830.693215703999,93,18.379
1857.2873062581,823.684036728999,94,20.524
1832.292874178,812.6748577541,95,23.133
232.320713777302,1599.6289628791,100,10.522
1865.3262816971,866.6197839042,101,20.056
72.3485533765997,1912.5830680042,105,5.7933
955.3485533766,1920.5830680042,105,8.4574
63.354121296401,1923.5738890292,106,4.889
976.354121296401,1941.5738890292,106,4.936
80.3596892163005,1970.5647100542,107,8.2718
1816.370825056,854.546352104298,109,17.702
912.370825056001,1576.5463521043,109,2.5226
1843.3819608957,850.527994154301,111,15.183
97.3875288156014,155.518815179301,112,4.6209
1852.3875288156,902.518815179301,112,26.664
1829.3930967354,870.5096362043,113,26.853
1807.4042325751,881.491278254402,115,25.598
1830.409800495,964.482099279401,116,22.406
1584.4320721744,517.445383379501,120,5.5399
1891.4432080142,942.427025429501,122,27.277
1904.4543438539,970.4086674795,124,22.797
16.4710476134023,690.381130554601,127,27.953
1872.4710476134,828.381130554601,127,19.249
1776.4766155333,759.3719515796,128,18.258
1823.4821834532,849.3627726046,129,12.279
1832.487751373,805.353593629599,130,17.061
1847.4933192929,808.344414654599,131,14.974
1855.4988872127,824.3352356797,132,15.249
1842.5044551326,837.3260567047,133,20.019
1826.5100230525,804.3168777297,134,16.133
1830.5155909723,832.307698754699,135,16.933
971.5155909723,993.307698754699,135,25.027
1820.5211588922,884.298519779699,136,24.878
1826.526726812,825.289340804698,137,17.374
1844.5322947319,826.280161829698,138,15.878
1832.5378626517,813.2709828548,139,22.147
897.571270170902,887.215909004899,145,14.117
1654.5712701709,1862.2159090049,145,8.8873
915.576838090699,886.206730029899,146,4.0979
1433.5824060106,285.197551054898,147,17.752
1273.5879739305,324.188372079901,148,2.895
1213.5991097702,456.170014129901,150,8.8262
1711.5991097702,715.170014129901,150,15.847
463.6102456099,1048.15165618,152,21.717
1463.6102456099,1496.15165618,152,7.2475
473.615813529799,1042.142477205,153,10.166
1617.6213814496,1718.13329823,154,17.843
1052.6269493695,806.124119255001,155,7.8373
385.654788968801,565.0782243801,160,19.934
1574.6603568886,475.0690454051,161,5.3955
1531.6659248085,487.0598664301,162,27.635
1042.6937644078,1218.0139715552,167,11.185
1364.6993323276,323.004792580199,168,3.5638
1369.7049002475,320.995613605199,169,4.1138
1377.7104681673,321.9864346303,170,3.8501
1368.7160360872,323.9772556553,171,4.3322
1179.7160360872,1072.9772556553,171,20.673
1701.7216040071,829.968076680299,172,8.9641
1981.7327398468,274.949718730299,174,14.123
1954.7383077666,281.940539755298,175,11.805
1971.7438756865,259.9313607804,176,8.1324
1906.7494436063,444.922181805399,177,11.676
1833.7550115262,534.913002830399,178,5.9959
1398.7661473659,297.894644880398,180,3.9633
1882.7661473659,239.894644880398,180,13.907
1388.7717152858,309.885465905401,181,4.2709
1416.7772832056,327.876286930499,182,6.948
1933.7828511255,259.867107955499,183,22.955
683.782851125499,739.867107955499,183,6.4263
788.788419045402,821.857928980498,184,5.2597
926.7939869652,886.848750005498,185,4.2865
911.799554885099,874.839571030501,186,2.3295
1720.7995548851,1170.8395710305,186,10.962
920.805122804901,884.830392055501,187,2.6266
917.8106907248,884.821213080599,188,2.6973
935.816258644601,881.812034105598,189,2.5052
922.821826564501,885.802855130602,190,2.213
920.8273944844,885.793676155601,191,6.1703
860.849666163802,311.756960255701,195,13.178
855.855234083599,329.747781280701,196,4.4039
1305.8608020035,1836.7386023057,197,6.1853
479.9053453624,1045.6651705058,205,10.426
1740.9053453624,1186.6651705058,205,7.6878
475.910913282201,1028.6559915308,206,8.7385
1321.9109132822,1530.6559915308,206,20.868
1354.9164812021,1546.6468125559,207,15.213
1155.9387528815,271.610096655899,211,3.2294
1153.9443208014,268.600917680898,212,4.1526
1224.9554566411,1238.582559731,214,2.6419
1225.961024561,1239.573380756,215,2.4547
1225.9665924808,1238.564201781,216,2.4941
1225.9721604007,1232.555022806,217,2.5894
1227.9777283205,1243.545843831,218,5.3881
1808.9832962404,584.536664856099,219,4.3113
1844.9888641602,543.527485881099,220,4.8748
806.994432080101,439.518306906099,221,6.261
1801.9944320801,581.518306906099,221,10.269
1555,317.509127931098,222,5.8915
806,453.509127931098,222,10.946
1,1469.5091279311,222,4.1207
1538.0055679198,321.499948956101,223,16.008
51.0055679198013,1911.4999489561,223,6.6078
1086.0111358397,47.490769981101,224,5.8098
1627.0222716794,1682.4724120312,226,12.613
1610.0278395992,1687.4632330562,227,5.8706
1566.0334075191,190.454054081201,228,15.849
1616.0334075191,1694.4540540812,228,5.8336
714.038975439002,710.444875106201,229,5.5809
1622.038975439,1690.4448751062,229,5.1529
236.044543358799,1590.4356961312,230,8.6081
1611.0445433588,1692.4356961312,230,6.1289
234.050111278702,1586.4265171562,231,4.489
1572.0723829581,496.3898012563,235,4.5011
1574.077950878,474.3806222813,236,4.3569
1579.0835187978,484.3714433063,237,12.56
1087.0890867177,1263.3622643314,238,25.684
1353.1224942368,798.307190481501,244,23.172
1350.1280621567,871.2980115065,245,4.1889
479.128062156702,1012.2980115065,245,7.1798
1351.1336300765,886.2888325315,246,4.2082
525.1336300765,1056.2888325315,246,19.751
1361.1391979964,873.279653556499,247,5.1308
505.139197996399,1053.2796535565,247,19.328
1344.1447659163,880.270474581499,248,4.9379
473.144765916302,1010.2704745815,248,7.8468
1610.1447659163,1669.2704745815,248,7.0254
461.1503338361,1030.2612956065,249,6.8394
1621.1503338361,1701.2612956065,249,6.3517
481.155901755999,1026.2521166316,250,6.9696
1593.155901756,1677.2521166316,250,5.8406
1658.1614696758,1681.2429376566,251,12.875
1084.1781734354,56.2154007315985,254,4.3316
1098.1837413553,45.2062217565981,255,4.4952
1628.1837413553,1685.2062217566,255,6.9024
1098.1893092751,49.1970427816996,256,9.1984
1634.1893092751,1689.1970427817,256,10.115
960.267260153101,973.068537131901,270,19.349
323.272828073001,727.059358156901,271,16.291
948.283963912701,1547.0410002069,273,18.398
1425.2950997524,330.022642257001,275,18.936
1423.2950997524,1167.022642257,275,8.7863
1455.3006676723,1165.013463282,276,12.225
782.306235592099,466.004284307,277,12.783
1959.3062355921,1921.004284307,277,19.929
235.3396431113,542.9492104571,283,10.239
222.345211031199,536.9400314821,284,8.9022
1135.3452110312,1225.9400314821,284,25.801
1585.350778951,497.930852507099,285,7.3219
1607.3563468709,474.921673532099,286,26.311
1569.3619147907,468.9124945572,287,4.4324
1960.4008902297,1787.8482417323,294,2.9572
799.428729829,358.802346857301,299,24.343
1766.4398656687,911.783988907398,301,4.3514
1776.4454335886,888.774809932398,302,4.1786
1772.4899769475,927.7013781325,310,4.1911
1141.5178165468,469.6554832576,315,21.873
141.528952386499,1286.6371253076,317,10.079
984.5400882262,1071.6187673577,319,9.5166
1963.5400882262,1987.6187673577,319,3.1796
1958.545656146,1989.6095883827,320,2.7801
110.584631453399,1307.5453357866,327,10.975
114.590199295901,1266.5361569461,328,20.669
1919.606902655,227.508620716999,331,11.16
378.606902654999,948.508620716999,331,12.171
1933.6124703732,237.499442092601,332,13.695
311.612470373202,877.499442092601,332,13.213
1158.6180380511,142.4902635381,333,2.7285
1165.6458757092,219.4443720366,338,21.384
1884.6681447387,1734.4076607418,342,3.3416
1890.6737118133,1735.3984832359,343,2.9648
1653.6848457174,1387.3801286498,345,12.853
1782.7293775306,595.3067169145,353,29.473
1815.7349435191,580.297541296,354,4.5831
849.751640745901,454.270015724102,357,13.186
873.757206229802,453.260840982501,358,11.553
1890.7850315464,1445.2149709288,363,4.2053
1552.8072890572,469.1782796521,367,9.203
1574.8128530235,472.169107547801,368,6.218
1977.8239804369,457.150764241698,370,2.5606
1977.8295438766,447.1415930525,371,6.8797
1289.8351071335,205.132422181101,372,7.1464
1637.8740445052,1682.0682355119,379,15.091
916.879606167702,1104.0590674112,380,9.3548
212.885167614502,1863.0498996855,381,4.2603
1367.8907288419,288.040732341098,382,10.24
1773.8907288419,938.040732341098,382,8.0802
1607.8907288419,1684.0407323411,382,7.9253
220.8907288419,1856.0407323411,382,2.4853
1276.8962898463,277.031565384299,383,8.6552
1604.8962898463,1685.0315653843,383,6.0368
1610.9018506239,1681.0223988215,384,8.3941
158.907411171102,1286.0132326591,385,23.792
1879.9129714843,63.0040669033988,386,5.4471
133.9129714843,1312.0040669034,386,16.6
1862.9185315599,82.9949015606981,387,5.9034
137.918531559902,1282.9949015607,387,9.3419
1627.9185315599,1689.9949015607,387,6.1208
1610.9240913941,1697.9857366375,388,8.5237
1741.9352103238,1231.9674080748,390,23.849
1744.940769412,1193.958244448,391,11.648
984.951886816802,1033.9399185352,393,21.526
419.9741184378,1388.9032722512,397,23.121
370.9796756574,1309.8941118718,398,21.222
1014.9907892483,1038.8757925872,400,29.66
967.996345612202,1058.8666336948,401,12.296
1510.0241229706,224.8208469858,406,15.851
1763.0296775245,1117.8116912391,407,21.912
1791.0352317638,1178.8025360389,408,18.574
1078.040785685,40.7933813915988,409,10.944
1639.040785685,1682.7933813916,409,9.0143
1631.0463392845,1701.7842273035,410,8.0212
1621.0518925585,1681.775073781,411,6.0789
1776.0907560565,1450.7110154937,418,10.654
1763.1961514693,916.5373015357,437,5.0984
1162.2016945739,785.528165686199,438,9.8217
1080.2016945739,1846.5281656862,438,11.589
1693.2183213059,1405.5007626243,441,9.1013
1708.2238626772,1393.491629787,442,7.9043
1460.2571014851,1149.4368491337,448,5.6032
1179.2792514509,451.4003447549,452,10.544
1186.2847877539,407.391220725498,453,9.4431
1752.3179953076,1176.3364943877,459,11.914
1618.3345923212,1708.3091429721,462,5.747
868.340123632799,840.300027617199,463,3.2296
1608.3401236328,1690.3000276172,463,5.5854
877.345654425102,847.290913164699,464,5.2289
1609.3456544251,1701.2909131647,464,5.7794
1611.3511846945,1700.281799621,465,7.1012
428.356714437301,1816.2726869923,466,26.638
1162.4064578236,995.190715562901,475,5.4215
1939.4064578236,1119.1907155629,475,2.4707
1937.4119820996,1119.1816124349,476,2.2541
1942.4175058087,1122.1725102918,477,3.1386
246.428551512101,1587.1543089862,479,4.8767
223.434073499,1578.1452098363,480,9.0907
1501.4395949044,1855.1361116969,481,7.8631
1501.4451157248,1854.1270145742,482,3.2868
1504.4506359564,1870.1179184747,483,14.013
809.5223437286,456.999765178301,496,6.9571
801.527855333999,456.990684069999,497,6.5386
1108.5333662958,902.9816040802,498,4.1025
241.538876610302,1590.9725252152,499,8.6015
243.544386273901,1587.9634474814,500,3.0089
244.549895283002,1608.9543708851,501,19.332
403.566418346301,526.927147984901,504,28.26
473.5719247005,559.918076002301,505,28.836
236.577430382,1589.909005189,506,5.3389
1458.6104501361,661.854605220298,512,8.2767
1446.6159510052,671.845542770101,513,6.7901
240.621451172301,120.8364815399,514,9.7124
1080.6599323758,42.7730876269998,521,8.4981
1599.6928877895,73.7187994730011,527,5.1729
1607.6983777433,60.7097559920985,528,3.4599
1610.6983777433,1693.7097559921,528,5.1024
1614.7038669401,1683.7007138267,529,5.7385
1621.7093553763,1685.6916729832,530,7.089
462.742269816103,1028.637456036,536,11.775
473.7477528257,1026.6284246231,537,8.1014
243.780634168303,1578.5742651942,543,5.6212
1071.7915881605,475.556223269799,545,23.942
1078.7970639297,405.547204439601,546,7.6359
16.873636644701,1637.4210938439,560,29.065
1930.8845618546,254.403101938999,562,16.401
1884.8900231395,228.3941082807,563,22.624
1935.8954835394,215.3851161602,564,15.866
1943.9009430507,266.376125584,565,13.915
1938.9064016698,246.367136558401,566,11.193
1507.9064016698,1085.3671365584,566,10.79
1911.911859393,239.3581490898,567,11.257
1574.911859393,1074.3581490898,567,28.143
1914.9173162167,245.349163184401,568,11.325
1917.9227721371,275.340178848801,569,16.124
1939.9282271507,189.331196089101,570,21.855
971.9718341728,1943.2593915111,578,3.865
991.977280859999,1950.2504232215,579,1.937
931.982726603699,1611.2414565716,580,5.5564
1458.9990581376,1143.2145665226,583,4.3901
119.015381048801,1280.1876914586,586,29.138
1939.0262581506,1112.1697831589,588,4.1791
1969.0534337549,275.1250422142,593,15.46
1951.0588659064,265.116099185499,594,8.9036
1945.0642970597,257.107157891598,595,9.4076
1928.069727211,223.098218339001,596,13.304
1916.0751563568,240.089280534001,597,17.735
1984.0805844932,239.0803444829,598,11.394
1940.0860116168,263.071410192199,599,9.2099
1438.0860116168,1756.0714101922,599,3.0834
1933.0914377238,252.0624776681,600,7.9706
1921.0968628105,263.053546916999,601,10.941
1922.1022868733,256.044617945299,602,9.9831
1937.1077099086,255.0356907594,603,8.5932
1966.1131319127,279.026765365499,604,12.605
226.129391701303,1,607,4.5833
1632.1293917013,1676,607,7.1392
1646.134809544,1084.991081838,608,4.5711
1611.134809544,1670.991081838,608,6.0677
765.1402263372,781.9821654999,609,26.287
1692.1402263372,1166.9821654999,609,5.5378
1620.1402263372,1688.9821654999,609,7.6582
1763.1456420773,608.973250992,610,12.547
760.145642077299,743.973250992,610,5.9379
1578.1456420773,1655.973250992,610,17.292
1809.1510567606,579.964338320598,611,6.3721
755.151056760602,766.964338320598,611,8.3027
1730.1564703835,1585.9554274922,612,27.382
1597.1889296461,514.902001579001,618,6.1918
530.188929646101,1641.902001579,618,14.328
367.194335743399,1157.893103829,619,13.995
512.2105474823,521.866421966999,622,4.8146
511.215949198802,513.857531830199,623,3.4263
506.221349810901,519.8486436126,624,3.5188
498.226749314999,511.8397573205,625,3.7239
507.232147707502,517.830872960301,626,3.327
508.237544984702,518.821990538301,627,3.4711
494.2429411429,502.813110061001,628,3.1963
1047.2591228672,951.786480360101,631,7.4507
1764.2806826123,710.7510017022,635,19.023
858.296840377599,222.724413638698,638,8.1979
1617.2968403776,1690.7244136387,638,8.5772
863.302223985902,227.715554971401,639,3.3031
1633.3022239859,1675.7155549714,639,5.7799
1623.3076064313,1684.706698325,640,5.3539
1621.3129877102,1697.6978437058,641,5.3816
1625.318367819,1684.6889911201,642,6.7395
530.3452506824,697.644758917901,647,3.9892
1458.3828365207,950.582921024201,654,6.5884
1463.3882010846,969.574095453299,655,3.0229
1456.3935644272,969.5652720049,656,7.0172
1303.4096470902,1840.5388144586,659,3.1759
1270.4150055108,1841.5299995639,660,5.3203
1917.4792088205,1140.4243906821,672,12.595
1869.4792088205,1966.4243906821,672,6.8481
122.569845619702,1290.2753305469,689,11.019
140.628286851501,1282.1792380594,700,21.819
1235.6653897214,1392.118239497,707,11.151
260.707708237802,1959.0486741612,715,7.913
1892.7288330348,1436.013951382,719,5.1807
1891.7341106048,1442.0052769944,720,2.4357
1879.7393867157,1429.9966051425,721,6.0451
923.7657452565,1575.9532841393,726,2.7789
919.771012536399,1579.9446276345,727,3.3961
393.786805453499,1753.918673626,730,25.403
1533.834103047,336.8409526414,739,3.0048
1537.8393507413,341.832330173398,740,2.4809
1524.8445969034,336.8237103682,741,8.7829
174.8603261602,1189.7978669924,744,8.3505
1733.8917428114,1147.7462529917,750,12.851
1725.8969734507,1153.7376601631,751,15.042
1811.9178802471,501.703316238301,755,10.466
1728.9231029878,1156.6947371363,756,16.142
76.9700356344001,983.617650378299,765,7.0186
70.9752423037025,970.6090992061,766,10.228
431.0531450249,1023.4811745347,781,21.318
484.058325219299,1018.4726693721,782,10.577
1073.0790291029,1026.4386780814,786,6.0932
1918.0893708571,225.4217001408,788,19.388
1920.0945391744,266.413215618901,789,10.435
1945.0997057804,256.404734071199,790,8.264
210.099705780402,844.404734071199,790,22.555
1930.1048706713,257.3962555039,791,9.2227
159.104870671301,859.3962555039,791,22.297
1936.1100338436,231.3877799234,792,12.936
1968.1151952936,253.379307336101,793,9.8825
218.115195293602,1863.3793073361,793,2.6535
1953.1255130119,264.3623711664,795,8.673
1909.1306692729,252.353907596698,796,10.907
69.1512769110013,1923.3200835672,800,5.8014
210.161570235101,70.3031897910987,802,21.529
209.1667142607,112.294747484899,803,20.942
1887.1667142607,254.294747484899,803,11.092
1953.1718565237,276.286308241801,804,11.682
228.171856523702,544.286308241801,804,5.9969
1049.1718565237,794.286308241801,804,6.6254
1931.1769970205,246.2778720682,805,14.577
222.176997020502,548.2778720682,805,6.8063
1975.1821357474,252.269438970299,806,12.201
1954.1872727009,262.261008954501,807,8.1999
271.187272700899,1879.2610089545,807,3.8478
1937.1924078771,264.252582027199,808,7.1051
1929.1975412725,234.244158194801,809,12.681
1920.2026728834,266.235737463499,810,10.899
1930.2078027062,268.2273198398,811,10.485
1928.2129307371,257.218905330101,812,10.58
1942.2180569726,258.2104939405,813,8.2373
1952.223181409,282.2020856776,814,8.9815
1922.2283040426,255.193680547698,815,7.3913
1920.2334248698,253.185278557099,816,10.093
1559.2385438868,506.176879712199,817,3.0216
1573.2436610902,497.168484019301,818,9.5318
1526.253890041,339.151702114999,820,4.1619
1540.2590017811,367.143315916401,821,4.1237
1732.2896336982,1181.0930656735,827,13.16
1728.294732563,1194.0847018505,828,6.7614
1755.2998295737,1199.0763412494,829,16.535
1542.3151094457,341.051278841398,832,3.3403
1538.3252866901,254.034586795598,834,10.458
1977.4215921338,1006.8766699288,853,17.735
1927.4820563692,242.7775590335,865,11.962
1900.4870822124,219.769322111701,866,11.014
533.487082212399,1954.7693221117,866,9.9956
1946.4921060626,230.761088653398,867,14.741
521.4921060626,1945.7610886534,867,3.1989
1912.4971279163,205.7528586648,868,12.849
1959.5021477697,246.7446321524,869,10.939
1974.5071656193,265.736409122499,870,9.3153
1940.5121814613,254.728189581401,871,12.384
1927.517195292,249.719973535499,872,26.555
1922.5222071079,271.711760991198,873,11.922
1979.5222071079,947.711760991198,873,16.28
1915.5272169053,277.703551954801,874,11.344
1927.5472358365,267.670751015401,878,13.874
1988.5572330958,264.654371758301,880,10.576
1540.5622286611,345.646187455299,881,3.0684
1536.5672221787,341.638006710898,882,4.4272
1452.5722136448,274.629829531699,883,10.189
908.622014672503,960.5482552182,893,4.7945
920.626983331502,967.5401176745,894,3.1603
1579.7160573509,508.394270720099,912,17.483
1576.7209855736,505.386203449001,913,4.996
1741.7357572382,1188.362024234,916,8.5283
480.740676779802,1048.3539720495,917,28.177
481.770148133401,1921.3057387032,923,10.459
507.7750523422,1870.2977131649,924,12.857
732.8044311618,1226.2496406296,930,20.243
1081.8093198588,43.2416420488007,931,6.3362
1354.8190905571,1793.2256565231,933,26.714
1868.833729811,1779.2017074194,936,5.7922
474.867809187901,1023.1459632635,943,18.055
842.872668601602,893.138015572898,944,3.4262
433.882380590901,1040.1221320753,946,16.106
477.887233159101,1024.114196281,947,6.4154
1709.8872331591,1186.114196281,947,16.828
883.896931424602,1726.0983366334,949,7.9275
483.940459523401,1004.0271665018,958,18.475
473.945284380799,1027.019278865,959,6.3237
471.9501069053,1032.0113952827,960,6.7793
1625.9741844044,514.9720384102,965,7.7758
1629.978992854,514.964179287901,966,2.6571
1627.983798945,512.9563242646,967,2.6467
1603.9886026738,520.9484733465,968,10.927
1462.0317293276,690.8780008699,977,8.9821
414.031729327602,1370.8780008699,977,13.282
1453.0365092327,683.870191354101,978,3.786
403.036509232701,1365.8701913541,978,6.5052
394.041286735202,1362.8623860135,979,6.3615
399.046061831701,1374.8545848544,980,5.8389
411.050834518301,1359.8467878832,981,5.9123
1953.1079174629,260.753553197101,993,9.9361
1987.1126584894,253.745811246699,994,16.225
1611.1552165448,459.676326914399,1003,15.707
442.192876425001,1071.6148576349,1011,21.175
474.197572594199,1038.6071936402,1012,6.3931
1807.2069573486,587.591878830899,1014,10.886
1745.2069573486,1157.5918788309,1014,10
1858.2303748233,81.5536689881992,1019,3.5792
460.230374823303,1055.5536689882,1019,7.3738
1846.2350506756,77.5460403014004,1020,2.813
1865.2397239719,78.538416056701,1021,2.8821
1859.2443947084,77.5307962605002,1022,3.48
138.286315546502,1222.4624193224,1031,21.771
1425.3002425577,290.4397079968,1034,17.367
1442.3048796851,304.432146608498,1035,12.355
1586.3187753871,506.4094896936,1038,5.6536
1568.3234020489,505.401946493101,1039,4.2894
737.4153790571,1121.2520491287,1059,3.1568
1885.4153790571,1738.2520491287,1059,6.4818
732.419949814503,1128.2446030821,1060,3.8211
1715.4290832188,352.229725083998,1062,11.868
419.456418282902,601.185204309098,1068,21.444
433.460964587703,548.1778007578,1069,12.86
1108.4791224178,904.148234150798,1073,3.8482
1087.4836550098,922.140854430399,1074,13.033
1800.5017578059,573.1113834649,1078,17.477
1806.5062765937,592.104027734298,1079,5.1416
1805.5107926097,557.0966768207,1080,15.32
426.524323990099,540.0746530457,1083,10.66
1742.5378302926,1173.0526728526,1086,11.639
1716.5692469183,1193.0015561849,1093,27.329
1747.5737237449,1162.9942733769,1094,13.51
1096.6094362907,900.9361882913,1102,3.0078
1569.6138875457,504.9289499232,1103,3.8125
1574.6183359411,506.921716524699,1104,2.7735
1573.6227814733,503.914488102,1105,12.508
1019.6227814733,1763.914488102,1105,5.8678
448.631663933302,570.900046209899,1107,24.064
398.636100853902,589.892832753001,1108,5.456
682.662661814102,747.849657262101,1114,10.338
684.667078512801,728.842478948001,1115,5.5936
117.724230050801,1151.7496223448,1128,5.4399
44.7242300508005,1833.7496223448,1128,18.974
103.728605768301,1130.7425152502,1129,2.3059
101.732978531301,1118.7354132903,1130,5.6467
1538.7504399633,414.707056925501,1134,3.6632
1723.7765428502,1670.6646775017,1140,24.512
1531.7895539123,349.643557967102,1143,4.6937
1607.7938849261,345.636528561201,1144,3.4364
1619.7982129305,350.629504385401,1145,2.1896
1611.8025379217,345.6224854461,1146,2.4857
411.845621305401,1270.5525854555,1156,4.7778
1095.9054242551,911.455618359301,1170,2.8506
670.9223994862,567.4281069436,1174,3.6671
666.9266355051,568.421242625598,1175,2.6221
883.947768683502,849.387002569401,1180,2.8346
879.9519859104,845.380170909299,1181,2.1114
887.956199992503,861.373344714499,1182,2.2075
873.960410926102,853.366523991201,1183,2.4179
916.9646187076,859.359708745898,1184,2.8062
1342.9688233334,930.352898984798,1185,13.806
1475.0273546898,1155.2581417393,1199,6.3507
1521.077023947,339.177791001901,1211,5.8173
909.085256764101,736.164478097999,1213,28.355
483.1139686848,1023.1180618282,1220,13.625
462.1180572673,1012.1114537339,1221,6.0677
463.122142558801,1017.1048513591,1222,8.8887
443.126224555501,1025.09825471,1223,11.29
213.170908021901,1205.026071289,1234,25.936
143.183024515802,1141.0065063883,1237,25.226
1083.2111789289,772.961058988301,1244,6.6081
1568.2151875165,493.954589914101,1245,5.9562
397.2431528173,1210.9094711648,1252,10.269
388.247134271802,1187.9030492441,1253,3.9063
134.266990349901,845.871028609101,1258,11.653
1085.2709513011,914.864642320299,1259,10.293
1102.2828135597,911.845519244798,1262,2.6453
1078.2867607687,906.839156837799,1263,11.612
1705.3416583433,363.750714595499,1277,4.4078
642.3688508128,1778.7069389188,1284,4.2715
451.403558839502,1032.651096835,1293,7.6186
465.4073975639,1026.6449229592,1294,6.4674
442.411232730301,1001.6387552667,1295,11.646
492.4493878988,1019.5774198228,1305,17.349
1096.4909431624,905.5106727616,1316,2.6269
1094.4946992828,904.5046424311,1317,2.4262
85.5320629070011,417.444682305799,1327,15.278
1247.5506103783,429.4149355189,1332,5.5722
1236.5543091551,470.409004766901,1333,10.602
1971.5653840842,459.391249657299,1336,2.8721
1125.5984166958,867.338317818299,1345,24.3
977.605718224902,1949.3266229383,1347,4.4269
983.609363675401,1949.3207847158,1348,3.1056
735.631162100402,868.285884201701,1354,3.6394
729.634782808902,860.2800888864,1355,2.5019
1631.6528334818,1809.25120397,1360,2.4851
447.656433055501,1015.2454452939,1361,12.279
1632.6564330555,1805.2454452939,1361,4.8699
1383.6743782223,783.216743254099,1366,2.611
1377.6779567283,784.211021089399,1367,3.6237
475.702908241601,1035.171135777,1374,9.9622
476.706458761801,1012.1654620955,1375,11.209
261.825112188002,948.976130132898,1409,10.287
473.825112188002,1861.9761301329,1409,17.473
1299.8660403888,958.910949230001,1421,10.144
537.866040388803,1157.91094923,1421,5.2093
530.8694289011,1169.9055558003,1422,3.2631
527.872814011102,1160.9001682483,1423,3.113
523.876195720801,1171.8947865703,1424,3.6146
492.926514588002,1024.8147638779,1439,9.4976
476.9298421452,1075.8094757027,1440,20.026
710.939804611902,860.7936460452,1443,7.4516
1856.96622335,61.7516887017009,1451,3.6586
1190.9826261847,1409.7256531557,1456,10.775
1192.9858967276,1427.7204633315,1457,2.6328
1043.9956883416,22.7049283656015,1460,19.153
1496.0313347905,622.648408288598,1471,4.3092
968.110863452101,1930.5225127977,1496,7.6807
980.114001968701,1952.5175503423,1497,3.1304
1153.1296456521,1843.4928221666,1502,19.4
1143.132764622,1812.4878933269,1503,2.9975
1902.1575994919,1176.4486635569,1511,12.261
183.1637758086,1346.4389118032,1513,21.585
173.1668591171,1340.4340442602,1514,4.0564
163.169939194802,1344.4291822683,1515,4.2955
110.188351919402,1238.400126692,1521,20.426
136.191409434003,1308.3953034587,1522,10.291
334.209687053903,1112.3664799123,1528,9.1092
391.212722096701,1080.3616952637,1529,6.8866
122.2218080157,1265.3473742911,1532,12.84
136.224830258401,1273.3426116128,1533,20.455
51.2458965924998,1192.3094262098,1540,6.5794
49.2488933246022,1201.3047073019,1541,4.0961
1327.2548772496,1208.2952858483,1543,4.175
1307.257864446,1177.2905832956,1544,8.2405
1948.2668069939,209.276508291401,1547,20.001
1630.2668069939,1012.2765082914,1547,18.194
1448.272752843,1155.2671521313,1549,14.286
491.2905144777,1021.2392137836,1555,19.873
485.293463699101,1046.2345763328,1556,8.0948
351.296409768001,1761.229944284,1557,2.8918
1538.3373247666,322.165660832801,1571,5.3035
1537.3402237721,314.161109389501,1572,8.8942
1276.3402237721,1887.1611093895,1572,3.5702
1719.3460124169,620.152022535101,1574,3.332
326.348902059901,457.147487116999,1575,6.0984
317.351788586002,480.1429570336,1576,4.0522
322.3546719968,466.138432281299,1577,13.839
487.380482817902,1025.0979488246,1586,6.6133
427.3833351793,1062.0934771881,1587,18.68
1938.386184446,1117.0890108438,1588,5.0847
1939.3890306198,1125.0845497879,1589,3.8484
1938.3918737027,1132.080094017,1590,4.5873
1930.3947136965,1129.0756435276,1591,4.3266
1932.3975506031,1121.071198316,1592,4.0597
1930.4003844242,1131.0667583787,1593,4.1351
1932.4032151619,1122.0623237123,1594,8.6694
1704.4285533505,366.022648313399,1603,3.078
1711.4313533556,355.018266159499,1604,3.2387
1714.4341502976,364.013889237398,1605,2.607
1954.4369441786,665.0095175434,1606,9.3579
175.4369441786,1155.0095175434,1606,20.019
180.4397350002,1175.0051510741,1607,6.1483
387.450867731302,479.987737372299,1611,16.993
1099.5085167278,1502.8976769694,1632,17.047
1756.5112286625,203.893445095098,1633,6.9083
1119.5112286625,1470.8934450951,1633,9.5374
1552.5274371475,333.868161430499,1639,15.616
1465.7407589632,1180.5369322995,1722,14.776
1904.777190394,1823.4806682733,1737,4.7439
1900.7795965656,1825.4769555486,1738,3.523
586.791585262399,1017.4584631973,1743,8.1425
580.793974582601,1018.4547789565,1744,2.5585
582.7963611007,1023.4510994507,1745,6.6575
251.8011257381,118.443754629501,1747,26.022
1038.815352595,977.421833434499,1753,6.6208
131.836504999599,1296.3892688522,1762,24.523
533.836504999599,1979.3892688522,1762,19.389
580.855118836302,1014.3606402666,1770,2.4266
580.857433155201,1009.3570826225,1771,5.0408
1027.8597447223,1268.3535296175,1772,9.5553
169.8620535396,1233.349981248,1773,15.533
1021.8620535396,1271.349981248,1773,5.6979
1756.8643596088,188.3464375105,1774,9.7237
495.880425306001,1975.3217607453,1781,9.1443
836.9300486139,78.2456680830001,1803,4.7809
923.934494915502,1577.2388597484,1805,5.4912
918.9367140328,1576.2354623606,1806,5.3025
1450.9826977866,1761.1651546851,1827,5.1147
1440.9848582316,1764.1618558046,1828,3.8084
63.9956208116018,440.145427882999,1833,16.009
145.033822085003,1313.0871989254,1851,12.81
133.0359195528,1287.0840055485,1852,10.989
1258.0380144198,1366.0808165232,1853,13.479
1098.0401066879,1459.077631846,1854,25.629
203.048449808801,1338.0649365469,1858,11.189
179.075279422203,1303.0241541498,1871,19.698
1610.0793684724,68.0179443929992,1873,5.7895
1114.0834472762,1667.0117517445,1875,7.143
21.0976426141024,1766.9902117936,1882,19.807
1723.1137132045,1888.9658493452,1890,5.3669
419.139483003401,543.9268351479,1903,21.772
492.141447703601,871.923863349501,1904,14.121
1444.1492814847,1744.9120177916,1908,3.9818
1436.1512336844,1752.9090667932,1909,2.7385
1488.1667616361,1347.885607884,1917,29.66
235.176385958501,1216.8710801119,1922,29.311
182.1783034047,1311.8681868813,1923,16.214
1979.1821308936,1670.8624127155,1925,13.105
1958.1840409402,1646.8595317731,1926,3.1917
1950.1859485239,1647.8566549198,1927,5.6065
1657.2086481067,1055.822450331,1939,5.7275
1644.2105238433,1064.8196263119,1940,3.8393
428.243872228501,554.769481252501,1958,24.503
194.245701986001,1346.7667333736,1959,22.848
183.247529342301,1313.7639894666,1960,26.761
1445.2493542991,1204.761249528,1961,27.843
417.292438273602,449.696672277601,1985,7.9066
341.294203849902,465.694030394199,1986,27.29
1065.3012426641,1610.683501586,1990,2.8086
1067.3029965041,1605.6808790476,1991,2.1897
1066.3047480025,1608.6782603674,1992,2.1071
1073.3064971611,1607.675645542,1993,2.8234
1502.3117306167,628.667824159198,1996,4.599
1565.3134704347,262.665224717399,1997,11.582
1475.3152079222,277.662629112801,1998,6.7424
1442.3169430811,310.6600373416,1999,5.4825
1157.3255840116,1359.6471358637,2004,2.928
1123.3273052379,1376.6445670189,2005,15.977
585.3341670062,1002.6343296908,2009,9.3532
374.346086309903,1773.6165603163,2016,3.7531
359.347779872402,1770.614036941,2017,4.4948
197.371249808803,1334.5791035093,2031,7.9086
1129.3926453344,1418.5473177544,2044,20.54
1128.4248228129,724.4996250402,2064,8.8454
685.431151962603,1336.4902601705,2068,5.0172
1481.4311519626,1497.4902601705,2068,2.8983
918.432728750002,985.4879279247,2069,5.86
99.4343033411023,1302.4855992603,2070,25.25
353.4607371655,1560.4465565002,2087,11.625
371.4622725423,1566.4442916963,2088,11.564
107.468392459501,1271.4352675864,2092,21.868
343.511738884899,1079.3715033389,2121,8.3044
1835.5190326938,1291.3608006596,2126,6.0758
1845.520485178,1286.3586702756,2127,5.5509
1288.5391781274,1288.3312811798,2140,2.6782
1269.5406015468,1287.3291977325,2141,15.574
85.546274622302,930.320897167901,2145,10.503
82.5476877499023,935.3188303151,2146,11.211
1260.5505078488,1849.3147065308,2148,14.091
1313.5519148238,1827.3126495921,2149,21.773
184.553319751602,1570.3105959511,2150,20.681
1272.5533197516,1844.3105959511,2150,20.242
369.5547226341,569.308545604101,2151,9.9456
1313.5547226341,1845.3085456041,2151,18.576
373.556123473099,587.306498547699,2152,25.429
1310.5561234731,1825.3064985477,2152,20.302
1288.5575222706,1829.3044547782,2153,14.658
1291.5589190284,1808.3024142921,2154,16.121
1301.5644856997,1831.294285111,2158,16
1273.5658722869,1832.2922609888,2159,18.083
1301.5672568455,1853.2902401287,2160,21.758
1330.5700198847,1830.2862081806,2162,18.303
1319.571398369,1869.2841970856,2163,16.852
1318.5727748322,1820.2821892385,2164,18.531
704.579626897303,1438.2721985977,2169,6.108
1102.5850723602,869.264264185698,2173,2.8526
1102.5864287152,871.2622886227,2174,2.2522
162.5891354253,1349.2583471198,2176,16.122
195.5904857842,1351.2563811728,2177,4.9798
866.6052084734,1207.2349660592,2188,2.9178
609.606535015602,14.233038256898,2189,6.5831
862.606535015602,1205.2330382569,2189,4.4162
1861.6078595852,1965.2311136103,2190,3.632
173.632654090201,1187.195140179,2209,18.573
914.645422396003,1577.1766556164,2219,3.1347
921.646688654,1579.1748239893,2220,3.323
1459.6567499409,286.160280317101,2228,12.67
1679.6629764373,1929.1512886981,2233,18.098
1477.6765086851,316.131770468099,2244,13.653
915.6789447099,101.1282603236,2246,16.166
1158.6850021431,993.119536584101,2251,3.1988
1158.6862080511,991.117800657299,2252,3.8747
510.6922098008,855.109164933401,2257,14.385
533.693404605699,840.1074465458,2258,16.564
156.729538179799,1172.0556026782,2289,21.558
156.730674901301,1211.0539756756,2290,12.454
1466.7441769125,1478.0346688119,2302,3.2967
1475.7452905828,1499.0330778963,2303,2.2178
1516.7464024929,884.031489731799,2304,8.9932
1477.7464024929,1490.0314897318,2304,4.1044
1638.7475126448,995.029904314899,2305,14.752
1610.7486210403,999.028321641901,2306,3.493
804.7486210403,1201.0283216419,2306,6.3312
1332.7552346334,359.018883029101,2312,19.796
1851.765037473,76.0049084128004,2321,3.9236
396.7757655518,534.989636233699,2331,20.691
1181.8189801323,886.928347421701,2373,4.1462
1189.8199734658,903.926943014401,2374,2.1491
1858.8209651715,83.9255411062004,2375,8.1423
1189.8209651715,901.9255411062,2375,2.4009
1787.8366126054,198.903447559198,2391,18.353
139.857462217202,1318.8740853786,2413,9.5322
171.858391893202,1318.8727781679,2414,20.773
1388.8666893062,1408.8611189181,2423,3.0308
1392.8676035338,1424.8598351193,2424,4.9569
339.871245117301,454.8547231056,2428,6.6943
1859.8721516907,91.8534508796984,2429,14.322
1871.8730567388,103.852180957801,2430,10.456
489.8739602635,1902.8509133362,2431,16.201
488.874862266603,1890.8496480115,2432,6.0502
1078.8864506959,28.833406187201,2445,6.8589
1732.8934561587,1317.8236004757,2453,1.3967
1739.8943251596,1323.8223847835,2454,2.0868
1379.9029341492,1420.8103491119,2464,7.0897
1042.9037869872,806.809157591699,2465,6.9352
145.908873459302,1295.8020540463,2471,14.165
864.913072376901,199.7961937168,2476,8.1467
1046.92870246,953.7744079554,2495,7.4675
164.9622264871,1343.7278244109,2538,15.7
870.973338234602,220.712422686498,2553,3.216
870.9740685951,214.711410948301,2554,2.8149
124.988406905501,1311.691562133,2574,20.248
685.007640522002,170.6649698728,2602,9.6763
702.008309752902,173.664045116999,2603,12.625
1319.0188553869,1634.6494759659,2619,5.0006
1315.0195044553,1631.6485793968,2620,17.487
345.045130926799,563.6131793934,2661,20.308
141.060421882801,1310.5920356648,2687,18.147
137.068920341702,1290.5802682713,2702,25.412
1382.0689203417,1419.5802682713,2702,9.7844
1854.0815093109,863.5628042342,2725,9.5946
1909.083645488,1831.5598359114,2729,6.9361
1912.0841771124,1834.5590969377,2730,4.2083
523.084707772501,722.5583591998,2731,3.2137
445.085237470303,698.557622694101,2732,18.161
1866.0899617519,72.5510490046981,2741,3.9251
1859.0904819286,76.5503246254993,2742,3.1936
1843.0910011635,116.549601439401,2743,11.266
799.095632201203,990.543145870699,2752,3.9697
808.096142120001,983.5424344208,2753,3.3455
466.101190941001,550.535382812301,2763,19.858
903.1105365435,280.522290000499,2782,15.192
409.1105365435,1269.5222900005,2782,3.7599
872.111019632503,273.52161163,2783,10.148
415.111019632503,1220.52161163,2783,18.297
869.111501856099,274.520934306998,2784,10.277
650.1162769025,1561.5142179166,2794,6.4471
647.116749729303,1567.5135518835,2795,3.7625
649.117221713001,1572.5128868553,2796,3.5654
430.125575379399,538.501084166299,2814,15.05
834.133224491001,193.490216476101,2831,9.824
309.137182651,1483.4845667432,2840,12.845
145.138488305001,1308.482698843,2843,23.985
1913.1419370275,707.477754242398,2851,14.361
51.1474407943024,1202.4698285207,2864,4.6568
44.1478591076011,1202.4692242704,2865,3.3086
1016.1495252535,80.4668147999982,2869,3.5629
1010.1499400224,73.4662142972993,2870,2.9036
1006.1503540881,70.4656145336012,2871,4.8965
886.1536415193,206.460842597498,2879,11.415
579.159289376999,929.452599485699,2893,2.2607
575.159687781801,933.452015736799,2894,2.0844
578.160085528099,929.451432641599,2895,4.5723
5.16245828059982,311.4479475997,2901,6.8231
74.1663614276003,461.4421891274,2911,17.949
1652.1682893776,1813.4393323648,2916,10.928
361.168673107601,523.438762753402,2917,24.27
330.169820610801,436.437057337498,2920,16.359
310.170582559502,443.4359232067,2922,18.259
325.170962623401,424.435356974598,2923,20.215
408.177702212102,1182.4252555436,2941,11.926
1014.1799070974,491.421924479899,2947,6.7777
1151.1806375613,980.4208178882,2949,23.381
212.185332030502,1345.4136684793,2962,4.9854
332.186402457402,449.412028796898,2965,20.951
329.186758211501,479.411483044401,2966,20.615
337.187113441199,465.410937690001,2967,21.319
1629.1941107954,1534.4001087579,2987,29.232
126.2045785501,615.383569486101,3018,2.8565
126.2049090828,613.383039947501,3019,2.1943
136.205239189901,615.3825106189,3020,8.0075
1760.2111104738,826.373014587502,3038,6.7035
1755.2114328496,820.372488576701,3039,3.0956
1313.2178013079,704.3619928566,3059,15.491
225.219683789503,1855.3588507481,3065,4.3343
148.223412456002,1218.3525708249,3077,11.799
361.229223972001,1689.3426264322,3096,4.3016
90.2334402759006,1009.3352857618,3110,7.734
1675.2334402759,1048.3352857618,3110,12.441
1502.2437727617,1893.3168160214,3145,13.473
1354.2455183733,1445.3136248424,3151,10.105
1336.2458086694,1435.3130920957,3152,29.645
1048.2524402217,801.300759456499,3175,5.3599
60.2607029331011,1676.2849452428,3204,16.289
1325.2640995299,309.278296554399,3216,5.8429
1331.2643821559,308.2777394029,3217,4.8605
1332.2646647254,296.277181758898,3218,9.7685
1989.2688977564,976.268755577399,3233,11.083
1033.2694615698,1847.2676230089,3235,7.6424
1179.2705889363,1333.2653511663,3239,3.8104
1218.2708707346,1303.2647817879,3240,3.0577
1521.2711525192,180.2642118353,3241,4.3994
1234.2711525192,1262.2642118353,3241,3.9101
1523.2714342921,188.263641304999,3242,4.9957
1251.2714342921,1263.263641305,3242,3.2767
843.2717160551,318.263070193399,3243,29.396
267.275378921502,1884.25559123,3256,11.386
283.2756607417,1892.2550116076,3257,2.5421
171.282999500501,1219.2397091134,3283,5.8088
143.2940727358,1292.2158791737,3322,28.186
173.294357906801,1256.2152540878,3323,20.847
1271.2946431462,1274.2146282926,3324,24.138
664.3003629554,1526.2019627456,3344,4.2944
1089.3006497316,34.201321951201,3345,3.6099
662.300649731602,1536.2013219512,3345,6.0195
1055.300936586,1.20068043770152,3346,24.633
141.302946791802,1301.1961696666,3353,17.253
1834.3049610023,143.191623476599,3360,10.613
1829.3052490825,146.190971120501,3361,10.511
1986.3064022613,691.1883544269,3365,14.578
1604.3087128293,33.1830860543014,3373,10.509
1606.3090020538,23.1824242190014,3374,4.6977
1850.3116092307,1957.176434692,3383,28.085
198.327721682101,491.1385237545,3438,2.6403
1150.3381592372,1807.1132043537,3473,10.326
1139.3384598033,1797.1124670467,3474,19.799
138.3750053691,1230.0198817952,3592,17.876
130.3837110768,1316.9970973727,3619,9.5921
1887.3853390847,1983.9928108507,3624,4.8765
1043.3909127104,437.978078250999,3641,13.63
41.3925635283013,962.973698313999,3646,9.1155
1083.4019083061,48.9487739020988,3674,12.571
1085.4022452667,30.9478712175987,3675,4.7012
479.405288157603,245.939707923098,3684,7.1278
514.405627403103,251.938796533901,3685,5.791
496.4059668796,227.9378842716,3686,7.2482
485.4063065876,191.936971136001,3687,9.2572
497.406646527303,245.936057126499,3688,6.0721
487.4069866994,234.935142242601,3689,7.5912
475.407327104302,201.934226484002,3690,10.126
1459.4097164934,1163.9277916419,3697,4.5604
1419.4100587765,1157.9268688688,3698,20.625
1736.4176497131,1988.9063447113,3720,5.6265
813.4193914059,978.9016203094,3725,27.299
800.420089822503,994.899724314499,3727,24.023
825.4207892384,1023.8978247516,3729,25.967
1373.4214896574,263.895921617299,3731,12.112
1370.421840244,305.894968709799,3732,6.7259
800.422191082802,936.894014908001,3733,23.457
810.423245116202,947.8911481328,3736,25.696
850.423596967801,946.8901907496,3737,17.381
815.4239490738,1020.8892324699,3738,25.874
1730.4264209747,1892.8824993727,3745,10.17
1727.4267751315,1879.8815339049,3746,3.4626
134.427129546701,1293.8805675365,3747,17.509
843.428549800399,42.8766930484999,3751,14.132
307.428549800399,1685.8766930485,3751,25.451
839.437159900899,82.8531417624981,3775,3.0997
824.4375220047,66.8521490813982,3776,4.674
1446.4378843804,1179.8511554862,3777,11.45
1477.4382470284,1150.8501609764,3778,5.1673
73.4533556087008,1732.8085930511,3819,21.547
71.4537300999,1778.8075597211,3820,19.324
1684.4631883335,1976.7814217399,3845,26.907
959.487476579801,485.7140349783,3907,5.0491
116.4923210583,1349.7005635555,3919,19.682
1464.4996787783,1163.680091906,3937,4.8197
1488.5000907866,1155.6789452407,3938,9.1379
300.503399299301,1532.669736335,3946,4.6188
527.503814425902,1507.6685807671,3947,6.2883
156.511768603599,1236.6464360866,3966,17.892
1481.5177119337,1844.6298881195,3980,4.5251
1480.5181391694,1836.6286985888,3981,8.3412
1865.5202808172,72.6227358239994,3986,6.9217
1855.5207102437,73.6215402456,3987,4.8903
1874.529813604,49.5961992010016,4008,10.435
1864.530251202,65.5949813084007,4009,3.4615
1242.5328847147,254.587652528098,4015,8.7768
622.544905901203,613.5542162196,4042,28.639
1574.5453565559,402.552963410999,4043,5.5457
1560.5458076025,381.5517095676,4044,5.3657
144.551250891902,1300.5365825631,4056,12.374
368.552620632901,565.532777426,4059,9.6411
1066.5604506977,445.511037468401,4076,10.057
119.573129163702,1345.4758848371,4103,27.027
1057.5740803475,804.473250250099,4105,2.5151
1030.5745565688,797.471931362499,4106,13.45
1137.5750332103,1495.4706114116,4107,23.694
1118.5755102725,1508.4692903969,4108,14.763
153.576943987402,1282.4653209654,4111,11.372
1115.5890406232,186.431868247299,4136,20.179
508.596428261801,1983.4114739958,4151,8.5143
163.607443147401,1172.3811209345,4173,15.29
339.625417966701,446.331739111698,4208,8.9068
334.625939830203,453.330308324301,4209,5.6251
1862.6264621602,59.3288764270001,4210,4.9755
1538.6275082216,1689.3260093008,4212,7.4836
1938.6296059621,1701.3202617094,4216,20.38
346.631184197202,731.315939330099,4219,9.6852
1970.6450411003,1367.2780572574,4245,18.304
207.649913342302,1330.2647672594,4254,6.6826
1345.6504571301,963.263284947701,4255,9.0639
1374.6510014052,977.261801505199,4256,11.972
1362.6897586145,966.156687436101,4325,6.4501
1733.7187725895,1604.0786895009,4374,3.9294
1732.7193780484,1596.0770682738,4375,2.6211
1063.7328358439,792.041100676601,4397,6.518
1392.7484527754,1958.9995261177,4422,8.2444
1394.7490847151,1959.9978475013,4423,4.7963
1409.7497172175,1968.9961676782,4424,12.523
1335.7509839122,698.992804410002,4426,10.894
1343.7516181054,716.9911209641,4427,15.424
1492.7709084121,1493.9400536017,4457,12.077
1372.7735194907,1427.9331617861,4461,4.1257
1365.7741737087,1418.9314357736,4462,5.0599
1951.778769506,971.9193193799,4469,14.287
1637.778769506,1751.9193193799,4469,2.7108
1602.7794283784,1738.9175835601,4470,24.355
1040.8083181405,1464.8417756868,4513,12.765
1054.8090031264,1486.8399854097,4514,7.7095
375.831243826902,545.782035215801,4546,17.013
382.831948969,521.780203521201,4547,16.995
496.8383231306,1371.7636613911,4556,4.3318
503.839034477201,1376.7618170485,4557,2.9806
502.839746446702,1377.7599714386,4558,3.0099
506.840459039602,1378.758124561,4559,5.1802
870.849058941702,1720.7358629814,4571,12.557
1321.8866287603,242.6391957591,4622,9.408
1385.8873821845,204.637266805599,4623,26.057
427.895713020702,525.615962607801,4634,11.045
408.8964743057,535.614018058899,4635,18.129
174.901821749601,691.600369720101,4642,25.137
188.902588311201,674.598414738099,4643,11.136
874.907201589402,285.5866574008,4649,7.0426
872.907972791501,352.584693266101,4650,23.362
583.9481954689,667.482776217701,4701,13.541
587.9490018332,655.4807433977,4702,4.6693
589.949808885602,655.478709244901,4703,7.7522
908.950616626502,965.476673758702,4704,5.2303
901.951425056501,973.474636938699,4705,6.6026
622.975171264301,28.4149869426983,4734,7.8787
1387.0209710209,731.3008867356,4788,9.8962
1422.0209710209,1505.3008867356,4788,22.35
418.104856130201,566.094964083401,4881,16.021
618.108610607302,12.0858355208002,4885,5.3429
621.1095511514,17.0835498423003,4886,2.3885
617.110492466301,14.0812627476007,4887,5.1574
594.1410242245,498.0073253347,4919,20.593
591.141991228502,521.004991256399,4920,10.017
343.162480594699,519.955644255198,4941,19.851
1160.1913530693,992.886452847299,4970,3.3729
445.192360737601,500.884045189399,4971,23.566
1460.2574935616,1183.7294116312,5034,5.6219
1478.2585539137,1175.7269099738,5035,15.79
1541.2628037045,272.7168885053,5039,6.1666
1322.2649336356,230.711868861399,5041,16.888
1307.2659998617,252.709356810501,5042,15.157
441.269203587301,515.701811736199,5045,13.36
814.332646869701,16.5532934340008,5103,8.0149
825.333766084103,22.5506883585986,5104,6.3282
814.3348861673,20.5480817684984,5105,18.967
1974.3563334191,688.498268174098,5124,10.743
1976.3574709728,685.4956311963,5125,4.4851
1072.3723392558,1476.4612116236,5138,11.225
532.394338860602,721.410440694999,5157,10.154
1339.3943388606,1384.410440695,5157,18.657
763.4225888203,520.345514686298,5181,7.467
579.506727714303,926.153859209899,5250,11.69
578.507979467202,933.151026629901,5251,2.374
488.575671345199,464.998626102901,5304,3.2488
368.5782780644,581.992787283099,5306,12.043
839.5966327768,1559.9517354715,5320,15.814
825.597951057302,1549.9487911215,5321,3.9446
807.599270304199,1548.9458451589,5322,4.3963
1201.6218457888,812.8955166017,5339,21.674
1212.6231825069,816.892541531899,5340,4.2398
1192.6245201999,837.889564840701,5341,9.7911
1184.6258588682,814.886586527798,5342,20.334
781.639299294202,546.8567140989,5352,9.5008
770.640648720902,525.853717916099,5353,5.4
1711.663739395,1879.8025334732,5370,13.626
409.666474681402,1175.7964807535,5372,11.778
425.6678438083,1193.7934519401,5373,19.447
1579.6829696247,932.760026898599,5384,7.3619
1561.6843506579,941.756978419999,5385,2.578
1552.6857326863,963.753928299699,5386,2.7007
1536.6871157103,974.7508765372,5387,3.1858
1529.6884997302,956.7478231321,5388,6.6046
380.717795025899,548.683321380799,5409,23.095
391.719201071999,581.680231723898,5410,20.96
1940.7206081244,944.6771404139,5411,3.3612
1934.7220161837,950.6740474504,5412,3.2693
1621.7220161837,1750.6740474504,5412,4.0838
1489.7333169568,553.649244163898,5420,9.2987
1464.7347340976,554.646136298899,5421,3.3941
1055.77482627,844.558441284698,5449,26.662
19.7748262700006,1315.5584412847,5449,13.54
26.7777205964012,1295.5521273533,5451,24.837
420.817196673201,1166.4662333904,5478,20.5
1613.8290380594,1941.4405480016,5486,14.88
1599.8320088021,288.434109789701,5488,16.084
1301.8604391294,1616.3726094522,5507,6.857
547.864962698,481.362842955299,5510,12.892
95.8785902230011,446.333451711198,5519,12.219
51.8801096632997,489.3301775119,5520,8.5385
63.8816301592997,444.3269016099,5521,9.612
68.8831517116014,482.323624004701,5522,9.6633
58.8846743204995,497.3203446958,5523,7.3607
83.8861979866997,475.3170636828,5524,7.8022
73.8877227104022,462.3137809652,5525,8.2936
58.8892484921998,496.310496542599,5526,8.2173
1872.8999586278,1972.2874578061,5533,9.6
1080.9122624906,39.2610252945015,5541,5.5753
583.913805262302,932.257713530198,5542,3.1186
608.9153490998,1059.2544000532,5543,18.186
1063.9184399735,56.2477679592012,5545,13.613
1089.9199870106,46.2444493412986,5546,7.4568
1106.9574371841,872.1642871193,5570,3.3937
1162.9605859814,1420.1575621609,5572,13.169
757.981158544502,681.113681458199,5585,6.7848
768.982748631901,692.110293907201,5586,5.8654
781.9843398048,693.106904623499,5587,5.5778
782.985932063602,692.1035136069,5588,15.487
863.0051240346,1113.062686064,5600,21.592
1132.0083379601,38.0558571496003,5602,11.925
1102.0099465617,45.0524400827999,5603,6.4859
1371.0358331552,965.997530028701,5619,4.9678
863.053793472202,1174.9595199713,5630,4.5728
870.055432850801,1184.9560540056,5631,2.5842
480.078500453801,1942.9073462205,5645,23.959
756.080156465101,1882.9038539131,5646,9.0403
753.0818135888,1897.9003598459,5647,10.275
1908.0901159096,1820.8828630984,5652,3.4675
1913.0917797174,1821.8793584634,5653,3.9501
852.100115499103,267.861808835798,5658,10.716
861.101786007202,256.858293616599,5659,13.507
1042.1068042428,444.8477373635,5662,13.677
1596.1286665283,405.801809679098,5675,13.874
643.1490158985,511.7591489892,5687,28.843
1967.1712448403,1968.7126442481,5700,12.306
1978.1729627033,1985.709054484,5701,2.8265
595.191934348102,486.669449194898,5712,14.552
598.193665886702,456.6658379857,5713,14.853
1322.2426144895,456.563995722801,5741,2.5599
595.246145355701,547.556667312299,5743,6.5252
701.2692088609,176.508856631899,5756,5.2958
702.270991097303,185.505166233601,5757,7.0318
1084.2870835839,1614.471871148,5766,4.0211
1701.325000696,275.3936106365,5787,8.889
1680.3268191738,267.389863920198,5788,4.3795
1395.3268191738,911.389863920198,5788,16.851
1367.3286388279,961.386115379999,5789,4.838
1339.3304596587,957.382365015401,5790,11.345
432.3304596587,1250.3823650154,5790,12.081
1085.3322816667,31.378612825898,5791,8.6531
402.3469001626,1151.3485295614,5799,5.4948
1081.3487327854,44.3447609280011,5800,10.216
1095.3505665898,43.3409904651999,5801,6.4691
218.350566589801,667.3409904652,5801,13.156
1091.3524015763,55.337218172499,5802,12.601
1551.3542377454,309.3334440496,5803,4.0407
1546.3560750975,315.329668096001,5804,5.3465
65.361594256301,882.318329246198,5807,18.367
622.367124078501,480.306973903498,5810,22.654
117.368969724201,856.3031851222,5811,23.776
1072.3819224949,37.2766122653993,5818,13.064
1086.3837776461,49.2728087965988,5819,7.6539
594.385633987502,489.269003489899,5820,5.9153
1248.3874915196,245.265196344699,5821,3.287
1257.3893502428,252.261387360599,5822,3.5917
600.393071264301,545.253763874101,5824,9.1722
1086.4080030843,407.223196282899,5832,25.53
1452.457061345,1425.1230354348,5858,13.38
1450.458964455,1405.1191580947,5859,2.8062
1445.4608687733,1407.1152788987,5860,8.2048
63.464681036101,1920.1075149366,5862,21.774
836.505002585502,67.0255440791989,5883,5.2323
17.5655085727994,497.903033541599,5914,24.902
916.565508572799,969.903033541599,5914,3.5675
920.567480033402,965.899051566401,5915,2.9045
916.569452727403,965.8950677098,5916,4.4438
672.579334713602,813.875120190402,5921,5.2467
668.581314817202,794.871125036101,5922,6.2955
1309.5852787343,238.863129073299,5924,11.075
1283.5872625487,253.859128264001,5925,12.852
1158.6312204394,988.770632527099,5947,3.2232
1171.6332328382,967.766588227802,5948,17.193
1864.6514006498,70.7301041464998,5957,2.4849
1865.6534255507,69.7260408639013,5958,2.8937
1319.6982910966,445.636166938701,5980,13.068
1317.7003449231,454.632059822801,5981,5.3065
1943.718886251,965.595009721299,5990,4.6313
1951.7209527279,961.590883472898,5991,6.4433
1483.8387115485,1876.356742811,6047,9.3405
1478.8408509914,1869.3525066438,6048,5.2755
506.8817466166,1919.2716500617,6067,8.7435
507.883912007801,1907.2673749781,6068,9.2207
396.890415995902,446.2545380224,6071,28.934
1455.8969317153,1167.2416834994,6074,4.899
597.901282051702,495.233104051698,6076,14.388
629.9056376109,1426.2245167874,6078,10.591
347.925302357602,1584.1857772692,6087,29.816
351.927493876799,1604.1814630885,6088,3.1076
358.929686707103,1610.1771469483,6089,2.8122
356.931880849002,1600.1728288479,6090,7.5926
1081.9561031023,17.1252002514993,6101,9.5582
1952.9627368024,591.112169384498,6104,19.05
1960.9649506718,568.1078218291,6105,5.9161
1244.9827091404,259.0729705253,6113,6.648
548.005026265502,496.029228986601,6123,8.7443
1459.0319819998,1187.9764783435,6135,12.93
1369.0410098382,972.9588314469,6139,6.0175
652.056859933502,1584.9278730279,6146,5.334
666.059129578,1587.9234424569,6147,6.1954
1303.0636728804,308.9145753556,6149,13.66
1334.0659465391,318.910138824398,6150,5.0656
1438.0773349269,1404.8879263447,6155,8.2755
566.109400976602,1068.8254665642,6169,5.5269
548.111701500602,1976.8209901943,6170,3.8509
574.114003372601,1971.8165118277,6171,11.084
1318.116306593,1426.8120314639,6172,13.096
1341.1186111623,1395.8075491026,6173,3.527
1332.1209170809,1397.8030647432,6174,3.4423
133.1232243493,1193.7985783853,6175,9.3427
1284.1836885729,1285.681230128,6201,2.6039
1281.1860324552,1288.6766896399,6202,2.3709
1281.1883776999,1290.6721471406,6203,2.6232
1290.1907243075,1289.6676026297,6204,2.4337
1132.2001243747,1411.6494044611,6208,24.315
511.209546283,729.631174070499,6212,5.1366
517.2119051761,735.6266114348,6213,3.9911
854.2665380041,1235.5211134473,6236,17.32
1038.3098013268,1193.4378033293,6254,9.3243
1099.3122178915,1124.4331557946,6255,9.1078
1035.3146358277,1223.428506242,6256,10.325
667.363282181701,540.335092019999,6276,20.486
1969.4050612948,676.255057724098,6293,4.0551
1529.449726881,323.169684548098,6311,13.573
1353.4747311565,1470.1219753819,6321,6.4157
783.522612158602,1696.030779374,6340,5.8491
759.525145719701,1674.0259597102,6341,12.943
1869.5709802431,79.9388667540006,6359,5.2007
812.6198336081,1662.8462401728,6378,20.253
780.622418246399,1699.8413453625,6379,15.435
774.640548191899,1682.807026552,6386,3.6617
789.6431435349,1673.8021159926,6387,9.4527
875.645740214801,1608.7972034662,6388,7.0379
694.6483382314,185.7922889732,6389,4.0692
703.650937584302,199.787372514198,6390,9.6499
1259.6587436589,911.772611344099,6393,18.109
1292.6613483547,934.767687024301,6394,7.4887
1381.7058322363,1011.683673381,6411,12.621
422.8604870335,1272.3927922332,6469,4.457
430.863192446202,1274.3877197355,6470,8.1467
1297.9312544896,1353.2602794775,6495,25.695
1343.9339940097,1393.2551567998,6496,3.0668
1341.9367348381,1390.2500321973,6497,3.1952
1345.9394769744,1385.2449056705,6498,16.386
1386.9504585947,1009.2243803268,6502,4.4668
1865.9697267282,1978.1883869754,6509,3.1557
1489.0334860032,313.0694615018,6532,3.2072
1489.0362737545,311.064267864698,6533,5.6935
1019.0782457042,68.9861342658005,6548,5.6465
1045.1092103142,174.928563849899,6559,5.4838
1019.1120330343,44.923318765399,6560,24.522
895.342012573499,480.497588837599,6640,6.2998
902.344939051,479.492191101701,6641,6.5007
899.3478667987,467.4867914971,6642,6.7434
841.350795816303,533.481390024201,6643,23.476
348.3978325932,1612.3947126767,6659,3.9526
361.400783159301,1614.3892795009,6660,3.5118
1375.4511361429,973.296631034598,6677,5.2114
1357.4541094422,963.2911644128,6678,4.5585
1868.4570840021,75.2856959366,6679,3.0774
1345.4570840021,961.2856959366,6679,15.672
1868.4600598221,75.2802256063987,6680,2.7868
1875.4630369021,64.2747534224982,6681,6.026
1408.483911718,675.236396265002,6688,22.948
1450.4868988681,688.230909265701,6689,2.2137
870.486898868101,1973.2309092657,6689,7.9797
1449.4898872757,695.225420416198,6690,2.8543
862.4898872757,1968.2254204162,6690,6.4944
1434.4928769406,686.219929716899,6691,6.8055
1447.4958678625,680.214437168201,6692,2.3282
1459.4988600412,692.2089427705,6693,1.942
1678.4988600412,1933.2089427705,6693,10.023
1460.5018534765,698.203446524101,6694,2.1178
1509.504848168,662.197948429501,6695,2.9285
1432.5078441156,681.192448487,6696,3.7545
1458.5108413188,697.186946696998,6697,3.5671
1470.5138397775,683.181443059901,6698,6.1798
1441.5168394915,684.175937576201,6699,3.5018
1450.5198404604,684.1704302461,6700,2.3236
1440.5228426839,681.164921070002,6701,3.8545
1686.5318568801,286.148382470201,6704,5.6709
1688.5348641198,266.142865914298,6705,4.5311
1704.5378726129,286.137347514399,6706,10.334
1495.6226182203,676.9820852214,6734,5.5939
1699.6256629468,202.976513513499,6735,29.858
1370.6745477793,1682.8871172436,6751,29.08
1038.7701654625,966.712582975098,6782,3.5888
1041.8012630477,1861.655909124,6792,19.343
689.977676073002,64.3352009345981,6848,5.769
700.9808610933,68.3294228218001,6849,2.8188
1538.0127781075,823.2715433989,6859,5.0731
1534.0159764842,824.265745635599,6860,4.2344
1250.0480269045,235.207669940999,6870,10.149
1531.051238606,833.2018525739,6871,4.2753
1534.0544515173,827.196033427001,6872,4.7218
1872.0673152546,74.1727390486012,6876,5.8539
1879.0705342108,56.1669110082003,6877,4.9772
1863.0737543751,68.161081190301,6878,8.259
738.1222016434,594.0734208822,6893,3.6683
1811.1254411029,1151.0675626765,6894,9.3072
1801.1286817662,1147.0617026999,6895,6.3624
1085.1514000911,779.020633309199,6902,8.6695
1377.2889433519,1778.7724024758,6944,12.189
300.2955455708,891.760504661601,6946,8.0002
289.2988484655,888.754553128001,6947,12.823
725.3551794993,823.6531095504,6964,22.181
1011.3684836919,73.629167159299,6968,2.4817
1011.3718127014,73.6231772046995,6969,12.063
971.570310981402,469.266699828899,7028,3.4253
945.5737105669,478.260606040501,7029,9.6042
1154.8076093411,1411.8422164298,7097,4.636
1156.8110889198,1437.8360049526,7098,18.224
1221.9371176977,703.611267833301,7134,3.3819
296.944162755102,1906.5987185,7136,2.499
290.947686994103,1902.592441317,7137,3.1595
1623.0255081777,944.453919686901,7159,4.5984
365.1791955566,1769.1808448746,7202,5.099
369.182794464301,1774.1744578365,7203,6.4264
533.400773727702,714.788227171699,7263,9.2192
1595.4817007756,805.645136088398,7285,19.999
205.555733313202,1068.5143728481,7305,21.077
1494.6526305547,308.3434170619,7331,6.5733
1436.7691235524,1174.1381703195,7362,14.889
1930.7804523128,31.1182264538984,7365,23.657
1392.8334482648,1420.0249661697,7379,3.1647
1389.8372417708,1423.0182928321,7380,2.2351
1396.8410363529,1424.0116179113,7381,3.5771
1386.8448320107,1415.0049414078,7382,5.1489
409.894273338799,453.9180030098,7395,20.142
174.9286081235,1541.8576586828,7404,5.2896
1369.9362498495,1009.8442315103,7406,2.1587
194.936249849499,1549.8442315103,7406,2.313
220.940072316502,1564.8375155642,7407,4.9812
1840.1558288262,1990.4589239003,7463,28.434
850.163595836002,632.445312405998,7465,20.764
1138.4025044194,1437.0271976103,7526,14.144
1496.4064532848,311.020295702601,7527,8.7489
1489.4104031876,318.0133922686,7528,2.5624
1485.4143541276,314.006487308601,7529,2.6025
1488.4183061045,312.999580823202,7530,2.4881
1492.422259118,348.992672812499,7531,9.9299
1163.7095833479,1011.4913130415,7603,8.4286
1147.7136113264,988.484294739799,7604,5.8406
402.733766471902,1262.4491807909,7609,14.737
1780.7660675171,1173.3929207733,7617,5.9965
1797.7701097125,1165.3858815553,7618,5.6434
673.7781971437,812.3717986462,7620,5.6226
865.786288626801,1970.3577097757,7622,3.2539
46.8389818889991,1204.2659870215,7635,4.3137
1631.9653221527,944.046252645901,7666,4.1269
705.146293440899,42.7319446139991,7710,19.422
1869.1959826104,66.645733785801,7722,3.4273
558.341718846601,1068.3930945848,7757,6.6076
564.345900378699,1073.3858503699,7758,3.0926
666.400349084302,21.2915449477005,7771,15.835
1793.480223693,1945.1532788558,7790,16.406
1796.4844373189,1905.1459874234,7791,5.0086
523.581617370401,1876.9778921648,7814,24.004
1103.6282748825,771.897233816799,7825,3.9738
1109.6325222345,758.889892765201,7826,3.6389
680.966749224801,808.312974840599,7904,5.8314
695.014346012402,27.2309345983995,7915,17.488
511.053373049002,741.163686870499,7924,3.1447
631.0924756694,48.0963279413991,7933,25.351
666.1709068952,814.9612776061,7951,4.1597
1648.175272997,1058.9537618459,7952,21.642
1456.3991659643,1704.5686605606,8003,5.3809
1449.4035798582,1676.5610744871,8004,4.0969
1439.4079946641,1685.5534870717,8005,3.904
1436.412410382,1663.5458983148,8006,5.2518
667.563085464903,13.287085116699,8040,22.861
1984.5675329321,678.279449648999,8041,10.731
863.638814954102,1966.1571018708,8057,2.5037
866.643277726202,1971.1494438859,8058,3.3862
890.791051374399,611.895991580001,8091,4.1136
900.795544528803,622.888288895701,8092,7.5831
1512.8630483774,621.772591897399,8107,22.776
1497.8675557242,622.764868332801,8108,10.649
1455.8720639558,658.757143466399,8109,18.101
1479.876573072,632.749417298601,8110,9.1425
1491.8810830724,624.741689829902,8111,11.253
1497.8855939569,614.7339610606,8112,11.89
1507.890105725,648.726230991098,8113,12.08
1511.8946183767,629.718499621798,8114,8.9293
1502.8991319116,614.7107669531,8115,12.038
1498.9036463294,646.703032985301,8116,11.149
1493.9081616299,627.695297718899,8117,8.9118
1518.9126778129,638.6875611543,8118,10.455
1510.921712825,651.6720841317,8120,16.442
1580.9850565363,1996.5635998716,8134,9.4911
426.044029794703,434.462637772998,8147,10.843
861.0485723284,86.4548624402014,8148,3.139
836.053115736402,64.4470858212007,8149,16.295
1585.139606253,1988.2990861803,8168,5.0119
1584.1487287988,1969.2834803753,8170,18.797
1615.1578548187,1978.2678694591,8172,15.3
1578.176117272,1989.2366323057,8176,11.336
1595.3779160387,1980.8916821781,8220,7.0023
632.525720187201,1561.6392772014,8252,2.5173
637.5303530866,1559.6313689196,8253,2.7265
632.539621425101,1571.6155486193,8255,9.0482
642.544256863799,1563.6076366016,8256,3.5296
1927.6278391564,36.4650078412997,8274,18.574
1867.6511048935,67.4253174840014,8279,6.4109
959.7163605555,479.314020296799,8293,10.104
1871.0025921752,72.8262822379002,8354,9.701
1853.1729515907,75.5363243743013,8390,4.1067
1827.2490048708,502.406956958501,8406,5.8854
1820.2537650673,513.398861392801,8407,10.895
249.430456911599,1484.0984948418,8444,11.574
1465.7096226762,1180.6244289169,8502,12.078
1526.7967971242,1706.4765152553,8520,19.504
1867.8210569662,66.4353623370007,8525,8.2601
1396.0989809788,1428.9642155225,8582,3.9589
1971.1283806734,696.914408475499,8588,11.003
1161.4981630396,1418.2884568777,8663,9.7287
1462.712053529,1148.926809198,8706,12.717
1122.9825635031,1399.4698467768,8760,23.125
1147.9875926962,1406.4613554541,8761,11.131
1461.0228170042,732.401886834999,8768,11.252
1568.0631160355,697.333859907802,8776,23.218
580.2348917376,651.0440027599,8810,4.5427
599.2399562713,658.035459442999,8811,8.4894
791.3464727994,1156.8558124469,8832,22.822
815.351552674801,1162.8472465586,8833,12.684
1812.4482019317,950.684301032899,8852,2.4018
1809.4532956439,950.675714787601,8853,2.1871
1815.4583900451,935.667127528501,8854,4.2886
1858.6217731461,55.3918022660982,8886,13.42
1854.6268901396,70.3831817686005,8887,1.857
1854.6320078132,70.3745602704003,8888,2.0628
538.863002816201,497.985563442599,8933,8.841
1147.9970847524,1007.7599002668,8959,16.369
763.266584984602,1187.3066078171,9011,19.293
746.2717849603,1170.2978652332,9012,8.8373
1882.2717849603,1570.2978652332,9012,22.392
1963.2769855834,1654.2891216969,9013,21.06
1378.3759200605,1565.1228140775,9032,18.803
601.381133574501,641.1140515755,9033,13.61
1756.4750863189,1277.9561654533,9051,16.679
1798.4803119821,1276.9473850772,9052,13.475
1167.5692454716,213.797975656198,9069,9.3144
1163.5744825569,234.789178475399,9070,6.8033
1789.5849586236,1268.7715813243,9072,15.276
1798.5901976043,1275.7627813549,9073,7.9696
1170.6373768075,1437.683539882,9082,15.03
1145.6426220893,1417.6747306423,9083,4.4406
1786.7424015882,1266.5071797979,9102,5.4932
1134.473759112,1000.2804577564,9240,12.024
545.7898948939,500.750908080001,9299,3.0741
1802.9837727155,955.426349136098,9335,4.134
1603.9891686727,1177.4173182177,9336,27.054
1962.129660119,681.182225152199,9362,2.7865
1948.1350711631,617.173172037299,9363,2.4671
1398.1404827623,16.1641181058003,9364,6.761
1945.1404827623,576.1641181058,9364,3.2423
1364.1458949163,963.155063358001,9365,4.7725
1334.1513076249,984.146007794301,9366,15.781
1614.2976594255,1925.9012005734,9393,3.1872
1614.3030875555,1930.8921223212,9394,2.8517
1616.3085162324,1925.8830432643,9395,3.0962
1863.8705501954,80.943662899499,9498,6.2033
1864.8760343212,76.9345022644011,9499,3.0799
1859.8815189663,73.9253408650984,9500,5.5321
1863.8870041306,63.9161787021985,9501,2.6151
1863.8979760154,71.8978520866003,9503,3.0054
1905.9144377293,1834.8703564449,9506,4.1774
1910.9199260027,1825.8611897077,9507,2.5527
1617.9913205325,1928.7419530114,9520,3.1827
1620.9968160237,1934.7327756551,9521,3.6991
1864.2280871859,69.3466491399995,9563,3.1447
1879.2336045243,73.3374396412983,9564,12.398
1353.299851689,978.226868126501,9576,11.169
758.499022625499,732.894521771501,9612,7.9343
738.504564267401,683.885276516699,9613,14.088
725.510106398702,699.876030541898,9614,9.7267
750.5156490191,701.866783847399,9615,16.621
749.521192128501,724.857536433701,9616,7.3846
756.5267357265,713.848288301,9617,6.7707
743.5322798128,726.839039449798,9618,6.32
753.537824387302,744.829789880601,9619,7.8501
761.543369449602,720.8205395935,9620,9.764
761.548914999501,683.811288589201,9621,6.0126
748.5544610367,664.802036867899,9622,11.464
745.560007561002,705.792784429999,9623,7.1504
769.565554572,703.783531275898,9624,7.5985
547.760004598502,502.459222687099,9659,4.6069
527.765568959199,510.4499440076,9660,21.145
548.735157110601,491.8345018654,9833,4.1217
825.859411539102,1952.6276660634,9855,8.4829
856.865064386002,1971.6182571999,9856,2.7705
856.870717658599,1962.6088477104,9857,2.442
870.8763713564,1963.599437595,9858,2.5576
871.882025479401,1966.5900268543,9859,3.2975
871.887680027099,1969.5806154886,9860,2.2595
886.893334999302,1974.5712034984,9861,4.8771
258.915959128401,1485.5335492992,9865,23.416
262.921616219402,1455.5241341918,9866,5.0182
242.927273733301,1495.5147184621,9867,23.296
601.006523191601,511.382833125001,9881,16.415
595.012187018401,512.3734081076,9882,6.1792
589.0178512639,512.363982474199,9883,6.9401
605.0235159279,531.354556225098,9884,4.9343
603.029181010101,539.3451293607,9885,4.4791
611.034846510302,500.335701881399,9886,6.5969
595.040512428201,518.326273787501,9887,5.9413
598.046178763601,523.316845079498,9888,9.156
894.227720330702,610.014804463201,9920,10.105
902.233400294102,615.0053557049,9921,4.7035
1842.3357092371,101.8351756587,9939,11.889
1864.3413969173,72.8257155473984,9940,4.9514
1632.5065141066,1954.5511156426,9969,22.182
940.512213778002,246.541637889401,9970,27.454
1102.5179138451,832.532159554099,9971,4.415
1095.5236143075,833.522680637099,9972,4.329
1093.529315165,833.513201138801,9973,7.2631
416.569232208902,1269.4468284069,9980,3.8762
423.574936217901,1261.4373442722,9981,8.6026
502.049713042299,1739.648183631,10064,26.573
915.1300518518,510.514695603299,10078,8.1304
899.135793101203,497.505156679199,10079,8.5494
1862.3714972983,66.1136003344,10120,3.5473
1862.3772537355,72.104039065398,10121,6.9608
1870.509749507,69.8839861164015,10144,4.6022
1867.515514415,75.8744123850011,10145,3.614
1443.6597500703,1702.6349029141,10170,14.295
1859.2271831402,67.6930402112012,10268,2.9421
1857.2329894028,65.6834056373991,10269,2.5814
1859.2387959825,73.6737705970991,10270,4.5587
109.308499575902,782.558113866598,10282,22.183
1858.3317441669,59.5195468226011,10286,4.2494
1715.5411685552,454.172115240199,10322,25.077
1806.5702866282,1083.123814727,10327,21.416
1362.6285453801,968.027180442001,10337,4.6954
1308.6343729054,941.017514585899,10338,28.122
351.745152387903,1056.8337801908,10357,17.816
299.756819590701,1066.8144305997,10359,25.081
336.762653632402,1105.8047551564,10360,5.2526
330.768487967202,1099.7950792818,10361,6.5335
333.774322595,1085.7854029762,10362,6.4548
1401.8443608802,964.6692538356,10374,11.548
1862.861876983,56.6402069411015,10377,7.5717
1867.8677162617,81.6305237929009,10378,7.5423
1449.8852358275,1207.6014718035,10381,20.902
202.013791293401,540.3883081688,10403,9.4753
195.019637986501,552.378614112298,10404,4.991
185.025484961199,557.3689196415,10405,8.1869
800.136630639001,1245.1846464874,10424,18.828
1857.2888860405,71.9322458903007,10450,5.3802
1856.2947456858,70.9225327780987,10451,2.7798
1859.3064657839,72.9031053655999,10453,2.7196
1861.3123262362,59.8933910660999,10454,2.8598
1875.318186957,59.883676371599,10455,7.9614
251.643169983301,1945.6885706548,10680,27.856
1790.7319116914,1277.5416277941,10695,13.034
1787.7378294565,1264.5318291741,10696,3.2423
851.1644307075,1466.8255603044,10768,24.978
622.479078251399,1454.3047533893,10821,23.343
762.5919961615,232.117872866598,10840,2.6623
764.597940896001,242.108034568198,10841,3.3331
1779.6038857973,977.098196024501,10842,5.3226
1468.8061098226,1160.7635422662,10876,15.364
1151.8596706355,190.674911951599,10885,6.8599
1170.8656226167,210.665062991699,10886,5.6967
906.901337749801,488.605964456499,10892,5.5896
913.907290810501,476.596113908301,10893,6.1893
1162.1455360267,1425.201911332,10933,11.488
1151.1514951515,1386.1920518623,10934,11.873
901.2528218427,479.0244091407,10951,11.015
1671.2501247773,1806.3747452799,11118,4.731
1676.2561057723,1814.3648536338,11119,3.8347
1665.2620868611,1824.3549618497,11120,3.9739
1670.2680680434,1814.3450699281,11121,2.4815
1667.274049319,1816.3351778692,11122,2.8533
1712.2800306876,1784.3252856736,11123,16.656
1819.4415618327,1787.058146084,11150,20.702
1922.4475456985,1225.0482502143,11151,27.625
1703.4418506026,1148.4040893605,11317,26.439
1310.4418506026,1696.4040893605,11317,19.117
1907.813577096,1822.7894761281,11379,7.1504
900.9874866028,621.501940666301,11408,4.1074
1939.6472289403,171.411162994998,11518,24.744
511.671220071301,519.371497615801,11522,3.2925
506.6772178541,513.3615812711,11523,3.2288
505.683215636902,510.3516649263,11524,4.679
513.689213419602,520.341748581501,11525,11.133
495.9471180787,502.915345755799,11568,6.005
500.953115861499,505.905429410999,11569,3.629
508.959113644301,506.895513066298,11570,3.2863
895.5109096591,486.983209346199,11662,10.382
1693.64286088,1036.765049761,11684,4.7185
1707.6488586628,1058.7551334162,11685,3.9746
1709.6548564456,1052.7452170715,11686,4.3861
1682.6608542283,1037.7353007267,11687,3.5562
1682.6668520111,1034.7253843819,11688,3.0752
1674.6728497939,1031.7154680371,11689,2.4967
1685.6788475767,1037.7055516923,11690,7.8008
885.864778842501,501.398145004099,11721,4.1727
887.870776625299,491.3882286593,11722,5.6697
764.960743366802,233.239483487501,11737,4.6978
761.966741149601,236.2295671428,11738,3.4692
594.038714542799,553.1105710054,11750,8.4429
107.4165748573,24.4858412840003,11813,21.615
1865.8364196512,88.7916971492996,11883,10.672
1855.842417434,74.7817808045002,11884,3.1377
1864.8484152168,77.7718644597007,11885,5.2723
894.353858692,502.282861919201,12136,10.077
913.611763351102,479.856459093498,12179,7.5514
903.617761133901,480.846542748801,12180,8.843
1705.6133930737,55.2004295147999,12346,22.718
1158.9808875452,1382.9395029043,12574,19.143
727.994512833302,64.263640636098,12743,11.113
681.2284263613,540.876903189499,12782,15.956
696.246419709601,566.847154155199,12785,19.043
907.498326585901,477.4306676743,12827,25.909
886.5043243687,482.4207513295,12828,8.8917
1161.9421625109,1411.6968581604,12901,5.0765
1161.9481602937,1425.6869418156,12902,18.664
851.4775949,33.1582738959987,13157,27.438
1908.5975505554,1896.9599470003,13177,22.82
578.413249012101,1142.6113241099,13313,9.2652
134.0866304048,1500.8446639155,13592,26.699
1005.5440916179,1001.4349921333,13835,26.491
1128.5500894007,1605.4250757885,13836,10.274
716.0315417448,57.9757386271012,14083,4.3026
713.037539527602,52.9658222822982,14084,4.1311
1055.0435373104,1404.9559059376,14085,29.211
1247.2054774451,1981.6881646284,14112,29.928
1176.0271736846,1367.3296253932,14249,17.721
1146.9868189278,1401.7430102279,14409,8.1212
593.226730238603,1090.3463564366,14449,22.934
799.942096110703,1986.5102818287,14735,14.631
1511.9840805901,678.440867415298,14742,18.943
1500.9900783729,762.430951070499,14743,17.89
