"x","y","moleculeIndex","error","clusterIndex"
467.480109000452,715.30358853841,41,3.11999734272196,3
1412.77724370349,539.208126372915,7,20.0338965306427,1
145.12337175726,434.392257692226,164,15.4595526315563,13
493.68192192328,1300.36665087933,383,12.20417121862,0
822.214734339249,194.455619416802,369,21.5346108967799,0
579.095678000905,734.31067985311,225,7.49467864579315,0
932.470452782193,964.735443080559,303,16.8182401597688,0
855.477670385449,1816.67734461954,316,30.0513595648351,0
1135.39888122185,494.099811544439,327,17.055195427841,0
170.252681271968,1644.33663348339,289,36.7452632305581,0
1585.40673906061,1826.1019116832,311,48.5792713087225,0
1224.77190423184,335.173167630999,318,0.853249748293612,0
1035.8514988228,1377.30249819506,248,8.73790307434188,0
1716.35981362409,1842.54756122139,73,14.7907879892802,5
1328.44797947246,489.314216745813,317,15.2296734468176,0
1932.07191785827,470.123201752017,296,2.98034665363129,0
672.919587172174,1219.10398209925,333,10.4450573009383,0
1290.36054148242,1814.26523011443,23,35.9666297400214,2
1564.26079532288,1301.19640962941,234,16.8911327529852,0
1553.65629514282,497.96005421711,245,12.1334035433235,0
200.908629624191,1627.26282650464,224,51.3853912716619,0
1568.5391910598,1297.61766092204,234,11.3981640853414,0
1340.88940500052,801.353682686453,241,31.1377112777993,0
991.57750942645,324.885590164949,285,6.84150370699746,0
1353.26316494052,489.040638332232,10,27.1707651701847,1
1445.82018783317,380.734209389406,334,20.9843493350208,0
261.933663150752,1422.96125897113,194,17.9094941247573,19
929.170268913373,1945.77863621259,180,14.4811268536148,16
1210.51866628668,1755.63853528301,30,2.23039984442904,2
737.893928523205,1169.27915016077,116,24.937500996089,8
1880.12018090038,692.158205902316,205,4.10598804742253,0
1773.90544078951,1657.87494749366,94,27.9881712490004,7
105.400071743262,383.015133791799,373,21.6854119484262,0
1778.91154495963,1797.45529900151,61,9.41936130666743,5
703.712486297718,1038.4549361554,49,19.278213641491,4
1265.6356660754,1799.83660248711,23,16.0284192185473,2
233.063244744484,942.29903317513,365,12.0771455502214,0
1720.60252960162,1583.22110099407,100,22.2121618648267,7
579.295616111628,747.048134477177,37,30.5584110621361,3
539.277231787877,725.70247591584,40,24.0572512355801,3
974.498032994772,1955.42918694356,384,43.0508969391655,0
1361.31587223375,496.280571753043,1,27.9479565783925,1
576.080581910393,659.249543037059,34,32.313779518351,3
915.878799996033,1924.21953877358,384,23.3711406943153,0
863.577775040518,1436.31167054657,187,19.8745045759867,18
73.2314340496382,1286.85584920305,275,26.8034433782813,0
113.818256652351,515.355143658568,331,13.4120965749862,0
1444.51376961345,372.123258131937,334,18.0450163903937,0
1765.77907341066,1578.1488582143,96,3.53250100194046,7
652.149465684246,1048.95985860856,53,23.7502851602132,4
1381.62946372213,1185.80221632691,89,8.20158966783428,6
818.332669367085,1800.92149125647,316,11.7148507792533,0
1217.13493562511,1774.57186076073,21,11.3736613956458,2
981.61046076475,337.313384666755,285,9.10132488799585,0
1305.3538814042,838.3076519832,241,21.9469654104902,0
1788.8306670622,1780.66423389692,61,26.7783138972334,5
1342.22087291125,504.835617559525,1,25.8647443131197,1
104.517706794139,433.030399755149,164,27.3768627607321,13
38.1130365846547,726.862225125005,345,9.32082584176988,0
981.216266613055,370.377447904722,285,40.7727453388673,0
1503.43283827439,1443.39655772429,166,22.9673511799796,14
615.082705431262,1669.02899759675,291,12.3447087129334,0
736.354324644563,1899.63122180281,232,10.6089719611267,0
1144.44563741921,1800.5109677922,292,16.1401151419342,0
1735.56222861924,1538.92516557447,98,19.6707667362841,7
122.969647809101,507.749831785381,331,3.0720170236781,0
121.552026224056,433.969543151825,161,7.77155668342913,13
591.661742482108,1485.83695642795,260,8.61470119050013,0
1205.13327495527,1674.10850741917,342,19.4473018304178,0
1777.20633785154,1771.92545740145,72,27.2392957500917,5
1501.30131959553,972.750459816089,236,33.4627640978605,0
1539.92376553456,1470.68182827704,167,15.2891650853335,14
950.045991545624,1922.94798372471,384,17.6910459367307,0
200.303359536278,1496.09184723504,321,20.5093221252773,0
1724.31301352438,1588.85806336022,91,15.3377806377934,7
1430.89080268672,1186.66030498448,86,9.61417060247451,6
1607.66651198818,1274.27499312985,234,34.1855028329999,0
55.0098140976982,1505.87268327353,171,13.2416700023577,15
1381.34282711204,1801.86708613998,298,14.291247756364,0
1819.4097548759,714.89719735033,329,11.1084429202458,0
709.14475930168,1185.23062473485,106,23.2334011100188,8
141.778460798551,1799.69022068176,261,12.765303646533,0
1468.89617522527,996.319185678845,236,34.6206192479712,0
586.380078290881,1691.11823805962,291,27.6237086554271,0
1155.08534294914,1812.57780989789,292,15.8592573037681,0
1212.45017747659,1736.3028619412,30,19.4798035347066,2
55.5857166077056,1278.96922210422,275,7.56710922726008,0
1482.23609140609,483.630761342146,350,5.35290316666697,0
851.191409534778,254.166949603385,129,3.35241399109553,9
1464.26732297021,1453.20039025235,166,23.9429452741894,14
1260.29928328677,754.663961932432,207,17.9470732085799,0
877.055812270309,183.263169057954,131,10.134579821326,9
245.979900001037,1447.5381011859,192,11.2613982662334,19
874.91970818392,1418.2523835271,187,10.7298029275386,18
926.098865975783,1217.68996793138,213,6.60488970194842,0
1362.61317191724,511.089346539849,1,13.4610114028776,1
40.8913600306287,743.855957468004,345,8.09425197817696,0
909.704076551888,1952.05369289801,384,32.1875126803667,0
92.3198974491675,1728.28547853098,138,9.17359770565963,10
1217.0640085981,1756.33015884761,30,4.35430082005533,2
1750.65465825399,1784.09099484256,74,30.3160410032915,5
32.5157256517727,736.447735210156,345,8.39612103470218,0
1482.53804281297,1477.04797675962,166,40.4824027523061,14
901.345515596228,1428.39276535959,186,7.27671518579495,18
37.0259417494955,723.394767886059,345,12.9546939620948,0
1430.57540963471,1152.71280001869,80,21.1905026788326,6
1778.11895302937,1821.55855067396,72,37.7186712025303,5
1723.63607470366,1594.5070456569,91,10.9735534008222,7
194.728905189839,1643.40855988094,289,18.7794587139215,0
1400.97189839036,1192.10967043934,89,14.7887653208558,6
1718.51956359532,1888.17793694419,73,41.4677066653596,5
1318.70498845285,491.34678979099,317,5.59679790559506,0
1777.0345122427,1601.56178174106,97,7.43666563525203,7
1762.390539318,1821.21081165224,74,10.655801794835,5
1613.75408801978,1588.51305214451,302,3.82706728028747,0
148.528510126379,1906.95287579419,159,21.1662430567053,12
1356.12740688706,1144.79496090498,80,55.456218530803,6
928.901955932488,184.595333312104,134,31.2395398507873,9
752.7746468953,1177.51938941274,116,11.3258682078294,8
639.683332182642,643.878279157283,366,41.1031795784263,0
675.113336582616,1061.34383040042,56,4.75642452379652,4
1615.23314707009,1589.9112046596,302,4.77446752272054,0
1569.10776149462,314.481196917574,252,14.2608713772984,0
24.4169330423368,1285.12940194939,275,25.0995585612885,0
759.868909042024,1768.33898260296,210,4.24135572304374,0
170.215697066941,1385.69232903894,191,19.1845136433442,19
48.6332713026795,1871.52336263202,319,17.0174625202986,0
959.283959023997,347.814987074511,285,32.9865964550853,0
54.0149458796537,1282.23799708292,275,7.67468191593866,0
1874.59545493341,667.368657163144,205,21.6364713605251,0
779.255897040028,1359.98834214436,282,7.12649063728362,0
895.832358193143,182.644891189124,131,12.8184150773716,9
1834.09040428544,1162.89510885099,198,11.2241085638061,20
147.742267714574,1920.69915530054,356,55.5042634413139,0
1744.01815432042,1809.15319778465,72,22.9571400926831,5
1418.6049785819,965.529799134811,222,39.1810757656729,0
607.206112299824,1888.10605141002,233,5.53321145702182,0
724.832157761312,1173.89016402398,106,5.21839094812058,8
1795.66284534334,693.089760703143,329,21.2344015474681,0
1715.02629646425,1586.1738961045,91,14.5544533734784,7
1391.99484789114,1775.96304895585,298,18.2605538078224,0
249.229173533856,1402.7715574778,194,12.4022878364944,19
571.989360725688,1506.54680912915,358,22.2430868051513,0
1406.71112910938,529.02740491261,7,8.96004875000697,1
721.633958192327,1133.57074741566,109,15.0634238476192,8
1430.59436546038,462.857988657372,2,7.75936131705679,1
1613.25232486751,1628.82786614613,302,38.4022727556122,0
1725.94915756087,1544.27871898541,98,9.12187332084029,7
1734.24651826025,1782.96242625546,67,20.7912072117185,5
424.084906282214,1384.78497169791,368,13.5358337507054,0
1449.96843660824,529.342480137881,4,20.5669048343234,1
770.204938034658,1116.1533602388,111,46.4162917168635,8
472.182533958058,1302.15279194949,383,16.214954820903,0
1459.8350669214,1459.58611834866,166,31.6027476896809,14
229.974176927716,1616.72032542579,224,21.5007649787559,0
1766.90201586033,1799.99805786193,67,26.1411346874968,5
918.267334889331,1461.94920240052,186,30.6809959658403,18
721.429605010473,1913.94201163369,232,11.5968553080408,0
1145.32642157691,1955.11270998176,256,34.7188189384415,0
1748.80527689036,1830.08087296492,66,16.6619849591831,5
1786.58320425321,1794.32906384969,75,20.1687179549804,5
738.869035421614,1157.50571899407,111,14.3845376927733,8
1777.05200356629,1598.56068875292,97,5.91300524702665,7
636.8678040361,1092.96628529451,52,25.9784469889084,4
1780.87148582172,1775.89590406943,64,8.79773768812457,5
1182.04604833183,1792.42909535555,292,22.3323179649699,0
679.92372864554,1080.13187006467,57,21.5306725153971,4
1532.97374475805,249.568174684092,231,22.8538805190941,0
840.284086937078,258.047239277588,129,10.6483395137559,9
385.930918484882,305.458370559703,290,8.30847392292682,0
30.1808944876889,1723.24270590663,149,5.87101058112834,10
1091.46474983969,869.147435343511,385,50.2044381707598,0
50.0980621845157,1662.50761107424,145,10.7488221516538,10
515.433926614191,613.032056640174,42,30.9700337402016,3
598.867304247224,1895.17277962184,233,15.0814576583265,0
1398.17387801305,999.427611030479,382,40.6297959161225,0
1774.05060478043,464.178442889036,371,12.5342126923534,0
228.997830409299,1970.80689070318,152,11.1193574817353,11
1907.58945073341,1034.21629973015,355,22.6076165785327,0
103.11595357317,371.075511087821,373,14.5387747052977,0
625.116118782684,1093.74026469143,55,8.61080960654004,4
1464.50163925414,352.540233014248,334,14.9226542056552,0
34.2135691695719,755.446959579426,345,20.784626717959,0
1131.16821926652,846.061126837883,385,30.3466856300786,0
128.90126519017,432.375429413012,161,1.97168571603363,13
1781.04219018517,1770.91043280294,61,30.6626545412823,5
978.008209201362,354.502839656637,285,26.0978876321257,0
1788.97983017536,1586.47202015276,96,22.2064979499765,7
890.702855377226,213.477770791673,131,24.6124068302579,9
25.3946955297066,1686.00189884354,139,16.3226233168701,10
34.307756591502,1642.80519331829,145,14.7235507359552,10
1914.43694067735,1078.01594598959,200,44.0902406711866,20
1777.95772513467,1798.53205617792,74,17.9563905367635,5
129.413025575221,491.557422014171,331,15.1320296262681,0
1580.62043386531,1827.46532895628,311,44.3036525780602,0
648.882378144979,1082.23644683558,52,16.1476417145584,4
722.999019520208,1897.33012455484,232,15.0511784814023,0
1288.36519182005,1767.73959509632,19,35.6602476136196,2
782.902964140364,912.230733893169,351,10.5241344474822,0
36.503692430345,1722.65659835152,149,9.85714105899296,10
1758.60234728778,1581.58963235586,96,11.4897270925942,7
1931.74016145065,485.176927894333,296,14.5324919534949,0
1106.1379503175,48.8543260818615,181,40.5965130583082,17
787.451583670906,1348.17986201029,282,14.4928914887125,0
241.144922232506,1973.99554234603,151,10.6380866844196,11
1126.91391327903,511.516307111464,327,19.3659279634919,0
1229.18438403748,1691.00979084663,342,10.3367835477411,0
297.78239137901,1429.23656645246,193,14.5033203520843,19
1867.03131687864,977.473671172193,266,21.0378941300038,0
631.412179181933,1658.71588392889,291,29.5006739935763,0
1462.12364525228,364.861364484554,334,2.38215536167211,0
1728.14607405895,1600.56364765122,99,11.6774653757537,7
1703.05155605945,1556.92690762977,98,18.2361685532563,7
1912.40546331169,468.283304513532,296,16.9795866839162,0
1434.51550917847,557.995143845235,4,16.3430581520809,1
490.022613059138,537.87470714979,364,4.62012347716207,0
536.344511373595,649.355895146837,33,43.1217686739974,3
1451.72189585815,970.638098401183,222,11.555388811812,0
1243.79026894829,1825.65521533124,22,2.70361726595725,2
1406.95941297793,1153.97813634129,80,11.5817529342501,6
1751.43824125556,1848.7504216497,74,40.2152895834547,5
1386.03214599277,1127.55598489684,79,19.1111048028121,6
1390.56689394221,487.956143914679,14,11.1351840533966,1
231.402794447704,1463.79986382116,192,27.4428849890535,19
236.532906005057,1520.29940592977,321,27.966585632412,0
1214.70317933085,1686.30155497207,342,4.98239807697206,0
552.405177822039,730.545035155137,37,11.6989856633313,3
509.92721321067,1314.35884476431,383,23.9911849767683,0
14.1008081265288,1693.72570799538,139,8.25311002420357,10
1791.9843869233,701.674700672572,329,19.6302658977437,0
1817.41573433237,1167.96642119864,198,20.341001615616,20
1468.34999022043,1482.05472450602,169,46.390279194185,14
1140.53054695873,825.065901966173,385,29.2260361515079,0
489.971509085092,694.487267437481,32,19.6298150171714,3
169.852590571353,131.896015154594,340,24.5500138353281,0
530.558642263818,678.46899244271,36,26.4938402315609,3
262.442276095129,1409.63653256971,194,4.69041887527073,19
1748.11154540165,1626.71826426479,99,24.8846699125421,7
540.035876860118,816.77939391255,243,21.9544512421671,0
753.655358757472,1149.95238742081,110,13.5448878438903,8
564.45449414813,1516.60675910386,358,25.1280044953622,0
1643.93632576605,243.977968934955,229,44.2063633220276,0
235.582466103998,917.939491884445,365,12.6886388015888,0
1845.3323266931,998.33188664989,266,40.6033188151974,0
856.051946199311,253.495101587913,129,6.51573944262727,9
698.217851773684,1040.26967990013,53,24.8026633530336,4
1785.24184468864,477.442115149333,371,5.54830591671031,0
1278.31483260201,762.693823978182,207,13.0582049563895,0
877.664623034282,235.300550118687,125,27.4055901571647,9
903.828060155895,1444.08451737974,186,8.61276759307343,18
1769.77473219727,1803.22355651666,74,9.05657813399997,5
1219.49287267214,1717.77350422676,342,30.6963380619234,0
155.564638000954,416.160678493375,163,13.2558929574894,13
52.3745465467617,1274.1831665294,275,5.12389865120769,0
324.018829651154,224.269103519504,258,6.96392018784695,0
1366.73257776566,534.196942776702,1,12.4221999190651,1
1723.78791558213,1837.43322504778,73,12.5261332636037,5
167.508254311831,1898.76268102797,159,9.27224049900537,12
786.386790812447,1355.76211320611,282,6.84435864233197,0
1591.08476836464,1289.09178533818,234,12.8654603127486,0
198.141410398935,1647.98590054658,289,13.1690568778857,0
1300.04287137543,1756.10340977919,16,13.3529017455864,2
1503.94191840834,164.51149283549,306,8.75181397304595,0
1422.91572224893,961.172424408163,382,9.67593696855757,0
633.55314075235,1088.96513148949,55,1.15826704643911,4
72.2615756585402,1284.15843003358,275,25.0205372918062,0
131.145303812958,1273.26082912613,378,2.40485414746754,0
1822.61684849721,1138.35399646389,198,15.9644153372598,20
1050.16215578408,1264.75342376152,277,9.1471464716641,0
927.331687079455,1940.99236902307,384,11.3800293878378,0
1174.73866931886,1142.24699291269,332,10.1116578403639,0
846.720576816083,198.123632431877,134,58.7756290635637,9
1766.51120722079,1625.7586563959,102,7.4597658345804,7
744.914671104573,772.139554824429,305,11.1262392065166,0
162.318266047003,1904.95354382332,159,13.954906954993,12
1207.98107644425,1765.78542084027,30,11.0810772408006,2
1536.07696966728,1466.10988876869,167,11.4453177686041,14
680.310321185433,1141.02499778748,46,13.3023352638827,4
715.130679939033,1143.32313749676,109,3.4943656001745,8
914.772838221686,1962.40697132094,180,9.44666064476784,16
877.737936527354,258.042883391422,133,18.8332150194816,9
869.574760199151,190.179295201885,135,15.4493376441614,9
248.813871002734,1989.67479501804,152,21.2912969548917,11
1896.59945326826,1131.44385398779,200,14.0957713893692,20
748.636011486018,1310.24070494898,343,25.2704564315619,0
220.476177289048,1620.92376061138,307,17.8484945363621,0
131.940473477391,505.880938838217,331,9.90099744686612,0
278.690242594441,1619.49813782006,224,27.2944352093665,0
1254.90532243931,1742.59536684671,19,13.0358512948038,2
1965.90801207802,542.240731822421,203,6.74225651547916,0
1487.90632712008,1428.28454358446,166,10.4798732531652,14
962.206493836852,189.15716019793,134,59.2105079916399,9
735.087314970181,404.848209665291,218,11.2196232303942,0
1216.82456591826,1882.83022212221,313,20.5050347081831,0
1354.02250549917,525.998598243945,1,5.69029560062673,1
523.923765180674,644.072245379483,42,3.38389917032904,3
216.225970303404,1641.13864745641,289,22.7833970320153,0
1778.89163418267,1770.1036335104,64,14.6727038890358,5
814.772475646848,1816.67104738823,316,13.5597014488686,0
38.633615118699,911.490602351763,381,3.79818031222986,0
1777.34703013698,1616.94319150311,102,16.1890394323801,7
1194.1861977175,1111.64089925572,332,27.7929971428056,0
18.7204829887545,1667.67634830705,140,4.69180137592189,10
1832.480873265,1162.21683831386,198,10.136093228723,20
574.598050122568,1496.3742941842,260,11.9657553095464,0
1403.56972394769,501.316227853314,6,22.1828098728868,1
1839.87001617245,1895.63037017252,397,27.8191293512928,0
1398.5882965928,1123.74033441725,79,22.3873826855953,6
861.313894480721,212.077356314176,123,13.5669671248919,9
1752.74567834377,1777.6133586772,72,13.3667250125481,5
240.679522415261,1957.69930449085,151,14.5066126358587,11
341.846946468822,1207.30311335513,330,6.25754711782865,0
1617.67114904351,1585.4399409175,302,8.79222851229308,0
645.314354552893,1219.88940761918,333,17.888699213409,0
1772.26174521411,1784.2915502606,64,8.26164875703128,5
1404.09807708282,970.395876831131,382,12.6273807065836,0
1599.68641480187,1310.33998016794,234,27.7154049135492,0
1947.4961115918,465.486047334832,296,19.0846511655322,0
282.688036810607,1439.83015821161,193,4.10594653517409,19
489.010585210181,477.294615642457,246,10.0386035096445,0
361.647722178053,286.119889454452,290,25.6051827703736,0
669.741788882598,1089.49419492288,52,7.08658309120028,4
248.732978861512,1676.65491789829,348,21.6666994136038,0
1343.69272275111,1167.93013800137,88,16.3353898140272,6
900.226038890731,1446.3710952187,186,11.0770437552141,18
678.698400861061,46.1622848685467,271,27.6259394904087,0
1364.08198141755,447.303563249252,265,10.3840239704041,0
1725.9353592987,1568.93300527058,98,25.5861819256416,7
1259.6182277268,884.83361418113,396,19.8980012346481,0
124.037809919676,431.455623097827,161,5.99757207049362,13
679.780793121414,1144.34213957678,112,38.6590977046976,8
1803.89788647475,1280.87720647943,257,12.3102529662677,0
1145.31461641527,1805.62958245672,292,17.0170742869998,0
1541.16278817061,1447.6328837389,167,26.2922780729956,14
75.3070632801684,1704.80972893023,143,20.3049747217238,10
478.580487514302,483.491319183295,250,17.0836991678413,0
1881.61242797704,683.994874646947,205,4.19442314300604,0
755.427509454657,1169.59921815675,116,7.64763031554137,8
1590.19288662486,307.113707333668,252,11.2913308581714,0
1265.65053846289,1765.61800489011,19,14.7296398023192,2
1214.40347305547,1788.73123292377,21,12.8193561027466,2
261.454607942319,1616.66580527991,224,10.0943403325312,0
1421.11802899618,1000.19319362303,382,39.2881391195642,0
1406.80175230198,526.582720436664,7,6.51440115564834,1
1923.73358279468,457.714456660048,296,14.2414588621619,0
800.432203746179,1164.47838087691,115,30.9965263574504,8
218.066787841578,1411.43417917796,191,35.1675211155123,19
521.653899646655,716.961848570208,32,23.1501674874954,3
1212.03608568756,1769.45763438592,21,18.5917109282619,2
51.9601470989087,1275.04830487391,275,4.3043388272875,0
435.564309807208,1564.14665486912,206,7.93985737612984,0
1924.09175379122,483.334970529212,296,13.4655896973585,0
127.889070683964,424.959790189749,164,15.7347358643803,13
1458.19976301898,1432.14944265881,166,23.7182180045193,14
1712.21086102874,1591.72740889875,91,9.30431382739338,7
1986.05635935209,554.326981572946,203,22.0240370504402,0
585.970573459842,734.311557708243,225,6.16998823091573,0
839.115510428223,215.159736596203,132,12.0396451931729,9
1710.23748649821,1538.94592024292,98,8.97818839174449,7
1418.18924797486,511.585240866376,7,14.154776986965,1
1917.77076811881,476.429921830136,296,12.697735257073,0
1618.41691445672,243.180829340724,229,65.1899050524687,0
1160.14479186316,519.140488566297,327,18.3796078598296,0
1970.75156285576,559.572300098414,203,12.2801346564786,0
1244.46755151897,1738.89588927195,24,16.0748589391721,2
496.290450578177,693.043049408007,32,13.7862760811545,3
217.696984646347,1691.80718247957,348,18.3422902277797,0
590.96757168939,717.531591841771,225,13.0897115381428,0
1726.82684749609,1526.29192317122,98,21.209193530851,7
1710.04760965113,1869.04335699283,73,28.747556914112,5
1372.48551099588,1075.62619554259,376,21.3457864133447,0
1404.32620106534,951.909452186076,382,13.250123947398,0
1946.87954332419,1052.50458590955,363,26.5085418544126,0
137.647076414685,442.589124367841,164,7.10824521607151,13
1460.16919812301,914.231560242034,222,46.4642952115584,0
931.950036708351,1948.72934982695,384,14.8769498693021,0
1396.72324378224,1087.80512558471,376,14.864252573102,0
1603.24619615476,1287.85004466941,234,25.0179997954588,0
38.4162588956187,1284.49241666199,275,12.2289686485647,0
1754.11771795035,1779.80813667278,72,10.8623704250693,5
1237.9172214119,1774.34184832872,21,14.7540947602015,2
842.583866918115,221.521159593455,132,14.3785840563025,9
268.060635375854,1442.85511812009,195,24.6872633136686,19
725.637649217538,1154.44199524269,106,14.2713817873403,8
1421.00271993467,1183.43713940605,81,21.3863521976338,6
1632.58108038891,161.979229881588,295,19.4637431647373,0
869.996170141867,211.202239796971,134,35.6863459337605,9
1743.99813072463,1579.52516982092,96,25.1752238986366,7
21.9574638280611,1660.76207094253,148,22.5450933967864,10
925.939906021378,1440.58701501791,186,23.8534739527557,18
1702.40764494818,1547.76479847443,98,14.7090888430937,7
720.981888184658,1179.84229098867,113,6.80145704223092,8
648.559379476502,1083.89938904398,57,13.4040733519341,4
850.055497597382,204.977904300235,132,3.92504011719048,9
1472.71193645799,1400.81476657733,170,30.0287076833388,14
1727.14229690128,1791.76474931435,62,21.7205505247299,5
1731.26353184372,1871.04002507711,73,22.7523190459283,5
1356.0172570687,511.95976464229,1,12.6661114564508,1
1420.69568727402,1181.73077311626,81,21.9028160533049,6
1253.05751137349,1831.50414504603,22,13.1437129295436,2
1723.77927799238,76.1882295196195,335,4.95671916816967,0
1393.08061815021,1117.69224965405,76,31.7272305201146,6
629.054220855001,727.978474074267,380,10.2278906987553,0
83.4146829785761,1934.77547315275,356,10.3847096382927,0
1884.09179475389,689.289674008194,205,3.52398545004024,0
729.390961190476,1903.11392558888,232,6.7776625520745,0
22.053742875255,1675.72397450499,140,8.54928137906115,10
1766.28306446243,1766.4287663706,61,33.1431635813245,5
1582.67483277295,1821.04656572503,311,44.9592923006749,0
1211.55092367312,1753.13253795237,30,2.90450145468308,2
622.04567281094,1886.47396166679,233,9.74027292640082,0
1438.43353429966,1083.4991246323,237,17.3228367569424,0
1912.09792011329,1056.84169458493,355,3.35572920624286,0
1425.55668614559,1159.46434874322,80,21.3400651673798,6
1153.5191885294,1928.47862062576,256,13.2274075812479,0
513.489104366254,673.306589692377,36,20.7926772233845,3
1281.05642566234,1786.89713324501,29,17.3199907909116,2
1000.2462313908,329.142726996237,285,13.2128836859786,0
794.568871259003,1112.11178741065,267,10.3587628414106,0
375.090869372,1691.82419439293,372,9.28514605549657,0
78.8241698998369,1731.67499292963,138,11.927568896222,10
900.472620880256,242.746369439004,134,38.1877608142317,9
1230.60149673543,1710.43997033345,28,34.3997128965725,2
676.297035747752,1147.07584068017,46,15.2090085296527,4
1469.66111432666,1434.9889293717,166,11.9458735476022,14
1826.26574742302,701.78980976628,329,17.1096996972484,0
1579.0347538058,187.935087652428,387,17.3155338622024,0
1373.01347467431,1749.78395152839,298,38.4928817103714,0
1371.30265871597,1143.55730423344,79,21.6711411277361,6
18.199998557234,1206.91089038252,284,15.9275832367001,0
1608.65006023795,1598.43249118232,302,8.12110830180615,0
154.113635328106,1902.31575055146,159,14.048814786545,12
1213.89705410167,248.99092216621,204,15.8888199599071,0
87.8583685164912,1727.95789843285,138,6.40041944764694,10
751.016620639819,1565.557778718,297,27.543546700023,0
1892.97199399446,706.105268466755,205,21.7449322710013,0
1072.49533957715,35.5164229194652,181,4.63199571770132,17
1498.47255013372,1430.0155462324,166,18.1967188818908,14
1195.44131418914,1217.06403258044,389,26.9512174873304,0
1816.39632456192,1168.09036855021,198,21.0984294630257,20
464.808182630633,13.1995625684223,304,20.2961184552292,0
64.2745801404535,1712.56020609734,144,33.9336824337529,10
1376.12938479387,1780.01809138497,298,8.17415745896401,0
1257.57177940368,1744.42120717081,28,11.9032491737201,2
934.12796188278,894.947004872521,395,13.3922224652932,0
1044.61580214006,20.2761104810853,181,27.2597657544814,17
850.463663250349,1435.14872950098,187,31.7358946637101,18
1244.22140943777,1772.14074054181,21,21.3068198909402,2
1476.00475249051,930.899867666084,222,35.0204949683894,0
182.269996121204,745.850372281833,244,17.9432329464961,0
1429.14508674517,944.719359398229,382,23.2565369334046,0
1405.87222846978,1176.95321481835,89,17.6057065081621,6
1757.14010644132,1794.29051902199,67,18.2732618543117,5
737.044227762147,1910.3916899796,232,5.08119610704559,0
1752.58509932625,1775.55852300805,74,37.3806467918125,5
1445.96246635414,1442.0511934036,166,35.9570998065362,14
49.9239160846238,1516.50013246682,171,19.1386478907675,15
1223.79445738744,1647.07772788651,227,30.2151817842173,0
241.421741742704,863.524831546247,214,20.7919348215133,0
344.590464291016,215.073420458561,258,20.1592311721312,0
564.25288090442,629.086470940829,42,39.8330907854625,3
1524.94175713613,1462.63767471377,167,5.60123356783083,14
1374.22270294347,1074.74895670173,376,21.3169002981818,0
662.204551174158,1239.6884209138,333,23.3583478301893,0
1346.01360361364,528.226092022903,10,12.7578467906095,1
1609.28837745699,1601.66461183207,302,11.2056377881614,0
460.627350999329,1375.84478414698,368,27.6793564378198,0
1415.52868136991,1166.20726506469,83,43.5966211467539,6
361.112442983929,1095.44870385125,398,19.6946130116443,0
1132.70760753761,502.223802571399,327,14.2047812917061,0
923.386583877273,203.512458170484,134,18.3237902689127,9
1485.98290042093,504.288648366649,350,26.0371375263197,0
1464.07181774584,1006.04750971095,222,45.9059016314862,0
940.56773262873,193.217769729171,134,37.3133279241641,9
361.801509850214,1209.60681974579,330,14.8395927591131,0
145.379468438263,1899.62037873698,159,19.1137925028425,12
719.478987887649,1176.63184646358,106,9.93809163644423,8
238.40782447856,1690.90504772893,348,4.07154020220737,0
1578.61898288047,1291.13061257479,234,1.18753601065341,0
205.591656286297,1980.22562952388,152,23.4526855916533,11
1267.46934710847,1837.71843207184,26,38.5397941437823,2
549.891420451204,757.287356076768,31,23.9681646834809,3
679.552443748772,1088.65683384067,53,37.9202261145377,4
1301.30592102008,734.985774877568,207,27.9354649830873,0
124.514351686731,458.058025827005,164,18.7642206128338,13
1935.73556867189,457.682906031014,296,14.7241122675583,0
1493.84014356104,484.336096606139,350,15.3761625557769,0
1117.79849481965,1649.22122529774,388,10.0513421444664,0
1765.9226026756,1628.58008110474,94,14.5331022475519,7
647.799765218801,1024.46596855768,60,17.4531759394238,4
1213.31026770702,1674.83597073503,342,13.7741435823704,0
1475.95000568217,958.612725397697,222,18.5815684481396,0
1785.66108130995,1571.01160455455,96,17.6007905573322,7
1404.47476804008,1156.48974190067,77,16.4390193812671,6
15.6461300110778,1679.64752265629,150,6.6601541322522,10
1805.84116657088,1649.46908275722,102,53.1133868528791,7
1902.53643628925,1051.97030959892,355,13.1291999551276,0
139.778612025694,491.523715682432,331,22.112492721672,0
516.813079013756,685.327744847883,38,14.1923823014368,3
771.027241032835,1171.90269081082,116,8.34857859650121,8
56.1869494253386,1289.0614594211,275,14.2873312559283,0
985.654873603798,338.643028384895,285,8.73123705250388,0
23.1192007299942,1660.59353951376,140,6.69281969788008,10
1973.82547151002,1189.64297067785,235,9.09945649325792,0
965.677773623915,943.582068229822,303,22.7708206940501,0
748.24583636101,1174.04496666926,120,32.6833953013825,8
1376.26255631884,1789.18085006548,298,2.30716979840226,0
1736.1980176892,1547.80206491119,98,19.5414981849079,7
913.100457227587,922.833806111307,395,33.240862147527,0
903.341632793032,1424.70818758457,187,22.3242499912987,18
1391.97726067811,516.493522734634,6,4.60708468470646,1
756.376392606854,508.306666239318,393,15.9666356475766,0
127.824512587184,445.982211474663,164,6.35830917995575,13
1296.18771940179,482.781533982138,317,18.5714673340427,0
1784.54489707778,1783.95187473813,64,4.09731483163908,5
1491.1496871422,1448.18692122919,168,39.4019279463606,14
1729.55213960122,1821.02837238435,73,27.2990872204344,5
883.590082586748,201.050709432131,134,21.8522497235096,9
1225.62826364189,1755.67190269241,30,12.8841735450183,2
1717.65331100825,1634.70167251246,105,26.6942740786046,7
1387.5298350899,518.481380083385,6,6.18777460699292,1
733.829393665114,1139.63729971021,112,27.7456615128328,8
216.197653971832,1386.81891470111,191,30.6069254134444,19
1380.37565713336,528.538323983038,6,14.9202562846854,1
526.10469667707,687.124814688039,33,4.17400471082873,3
1191.35591061386,233.06589264447,204,12.6875329046829,0
507.167512174277,692.866389002492,32,4.98303266072021,3
910.234709639024,1467.43774423299,186,32.7773442459909,18
1242.2180065344,1622.93472439037,227,15.9151456198765,0
1466.8423197661,984.783761700067,236,23.2534287148787,0
899.541781071009,209.105875131759,134,7.01447288936216,9
1226.98154517931,1616.66468067081,227,0.603395270998867,0
678.153931855799,1123.01075081364,57,37.6277448261206,4
771.716067497961,1907.04400436912,324,3.21985434028852,0
1454.58175571723,960.880067601047,222,2.90703338905472,0
1465.73701960497,942.10330013324,222,20.2735149736193,0
874.458632148016,1176.97815237805,360,18.2716862854717,0
746.816129582658,1157.0220840503,107,42.5805534872622,8
274.963064331984,1944.37691474198,154,12.7921393902068,11
1587.28342450191,1290.63796658322,234,8.81461628328967,0
556.318039975365,822.576194361559,243,4.8921254547081,0
125.420394815668,448.578620548093,164,9.82852434366777,13
1600.85330568427,1282.38548487895,234,24.3416051304799,0
551.367621768361,804.559194454347,243,22.8453041132396,0
496.486456039513,497.885970879268,250,6.29511445393539,0
128.037804083103,433.118219399856,163,19.5054426865249,13
190.520909856333,1895.38687531861,159,28.4230922181691,12
386.817127311152,1328.59366019839,368,65.1569536054421,0
1301.89033756631,495.998683045272,317,12.7745114033443,0
382.322121451627,305.778499263469,290,4.68582282209146,0
513.634264423345,526.492781219283,364,28.553678777594,0
50.1469206786157,1847.85961577557,319,6.96248039794371,0
55.0436469169474,1275.81381265711,275,6.95279078421264,0
1771.3063165235,1756.2250606223,62,35.1909005785951,5
43.9585012894455,1266.35385296712,275,11.6523615258846,0
1193.3129269385,1742.18104540992,30,23.717745123781,2
1428.33152914127,1457.6990975448,166,57.2103644738278,14
247.413233779224,886.159907477591,214,24.9419461382133,0
813.614520932898,235.653184600449,369,21.9031169839141,0
885.698010976231,199.04118180726,134,20.2609945783841,9
1784.06378348802,1821.27980410958,64,36.7652066878201,5
1557.22594432063,1814.5782553815,311,19.0893335438357,0
1216.18646912991,1741.87403611116,30,14.3260227340659,2
441.161635771759,873.081288004811,326,25.6151660442026,0
683.687515052743,1053.31216904445,53,8.22418725511361,4
1744.77235111044,1757.86651059141,72,34.6502267641311,5
597.931265515375,1662.59484357866,291,23.2219551319197,0
1459.85395634882,949.583652760957,222,11.2872695146366,0
598.312519146485,746.134376448492,225,22.7928847368603,0
1445.62193665637,952.535186179213,222,14.348151690478,0
862.13228470247,231.420514516139,122,12.5375409224751,9
1573.80394017167,1273.57473357401,234,19.3548022592738,0
1410.76216332007,1140.49192804462,79,18.5259286642049,6
1236.74451340856,1828.24434716789,22,4.90006040219273,2
869.301871388288,190.975528158609,130,34.3372516250652,9
1040.89383537597,1389.21682875631,248,12.5226701188767,0
1195.21927819648,1239.01930766132,389,17.2860700921265,0
1759.41322820248,1794.92462279628,72,5.21980028015993,5
1446.32700520144,382.050718269297,334,21.4849809320953,0
521.743104549288,685.574829252201,40,22.5635077919103,3
1761.36246330457,1818.38376710514,74,8.31788492460152,5
659.103221128337,1048.32629112053,56,20.392352976031,4
1525.38361885145,1451.001898201,167,17.2447691850758,14
1384.29914762201,1146.54661132658,77,15.9175522867089,6
18.2449914582692,1265.77622554666,275,32.0852619437584,0
124.677598367262,266.392377705148,215,16.8936512685069,0
1208.50368773167,1742.98491264065,30,13.4800014743129,2
1384.19173907169,462.199690268407,14,16.0371781724389,1
1538.55316669494,1480.7342193003,167,18.5594260210865,14
1784.68961923948,703.136316365542,329,26.2814022882744,0
742.912431620655,1283.26399203521,343,18.4099217755185,0
1034.06557856636,1385.67791942014,248,13.4813467530414,0
914.698081135179,1394.99692622805,189,17.7133510317587,18
1220.02879946291,1691.90942568373,342,4.84883635630102,0
165.920570089707,1895.08276069027,159,5.36660421843389,12
848.493994995578,1423.07107173161,187,32.8766353253406,18
1332.48078253806,876.480312753597,241,49.143846497741,0
16.2396923501941,1688.11974762376,139,7.19272552445169,10
265.162270791644,1407.53251625755,194,4.48687664748326,19
1288.65024694844,1792.25904093793,29,16.1839723463302,2
1294.75228723245,739.912954721185,207,19.7848971926142,0
1713.97019354715,1542.9506845038,98,3.54681084739845,7
1411.99057659981,1180.65187763836,81,15.7762887353491,6
852.185263974314,248.172684628784,129,9.42109044679697,9
1592.10023714446,323.249858453485,252,22.8021227124101,0
643.571277377957,1054.23204840558,60,12.6158598250958,4
1793.18778645787,1560.5246526071,92,30.1477732987872,7
1731.26171055125,1568.26048700813,104,11.7930938622945,7
1735.34506755297,1594.92111818895,99,18.8598068424012,7
1354.64993534341,1170.30857941284,88,23.3146872240622,6
1064.70841018978,1773.12108846604,263,10.151365457542,0
254.597137608193,1975.94972785005,152,26.3025293171745,11
1921.32497053753,449.537273456345,296,22.735767072402,0
840.393426905453,240.243990806967,122,11.0470494856934,9
655.840471407201,1084.09092259693,52,9.43759686671149,4
1762.41581852101,1652.94992716465,102,32.7268524057482,7
1403.28877633548,974.47081816826,382,16.1987796765285,0
1415.8706510031,949.848456322838,382,12.1370295442286,0
1566.44078762176,519.941636603486,245,16.7944231397608,0
89.7138528058723,347.292205641007,373,21.9113639393944,0
1717.70798956383,1506.06741691531,300,67.6985039203668,0
662.982065526086,620.550914885067,366,17.8287064761971,0
133.873565061545,431.50092646872,164,9.39534355424736,13
212.5580876235,1980.76334028943,152,16.4656320661598,11
1443.95688304668,542.766179475444,4,8.53931465519942,1
40.946619528498,1268.73985208793,275,11.159484803054,0
58.2465312576755,706.025793741039,345,34.4338501055274,0
935.907123248972,1916.22580251385,384,18.4561837190218,0
1927.92931124233,485.660912702756,296,14.8437611186571,0
1463.95321399248,381.235509248818,334,14.1563555669188,0
717.298241723181,1172.0861865594,120,6.89492988190154,8
962.478671150375,1938.42105046087,176,28.3276288084634,16
845.377958140456,198.236137765054,123,7.97765753477221,9
685.130472963068,88.0036216417163,271,16.4975007906,0
11.8748121144814,1694.78401847308,144,21.442314973611,10
469.723352558024,1674.12040511445,293,7.14068528083548,0
1878.55612870892,659.779842648156,205,28.4112483830851,0
1437.43045718801,953.797056992712,222,21.175070951274,0
1755.95839888778,1825.19433952819,66,12.5323913270547,5
7.53643770713018,1681.73946221839,150,3.71491368559174,10
1376.21384546873,481.70154413834,14,15.3576213480127,1
554.998484899813,719.78732466509,37,6.60434797563065,3
1253.45761020252,1723.68775602869,28,18.9228080560649,2
445.022809889693,304.515739891152,279,3.52613544077701,0
536.37110051098,635.519892804613,42,11.7324323769038,3
1496.27396481041,352.79462498602,334,37.2981774071417,0
945.628460111394,963.111486045147,303,9.07052352271132,0
1702.07269494984,1542.65733045373,98,14.9703635505438,7
209.97981027308,1999.04436891997,152,25.5760933273695,11
1453.84256516206,570.163574574767,4,20.936119189419,1
362.617278937949,1084.15208177092,398,31.0454957173923,0
130.20230168767,427.404676613174,164,13.0203393296911,13
1979.30436816142,564.461210093173,203,21.3459649951326,0
181.989626428265,89.3730794007235,340,20.542899652201,0
1330.27974356015,817.238109922183,241,12.0800640620827,0
1418.72006995122,966.94912747335,382,7.57813519565932,0
950.02590859728,770.23212178689,349,29.2845634149815,0
748.796452216852,1906.42129293153,232,16.9754751084071,0
1296.53929685646,859.383054646099,241,42.2025451495887,0
1343.42099380557,1200.8262026579,88,21.9289315895529,6
250.119393319709,939.953502301481,365,16.8230194604246,0
1918.4693109135,495.887893844859,296,27.2164236728692,0
1212.84031555478,235.105457123691,204,15.842529195707,0
733.85033047539,1202.29694689831,108,7.23004134597902,8
223.105529529824,1698.83351325079,348,13.633907230779,0
1580.64857619806,314.221743657125,252,9.89409393328446,0
902.659143294365,180.135357152257,131,19.9849263303896,9
1718.44597664351,56.1608196216013,335,25.430953235549,0
715.566905535347,1168.69549609571,120,10.1517191629187,8
210.678720970816,1657.51440327012,289,7.62256429071663,0
755.404810103491,1167.0049471228,111,8.01355290251018,8
1397.40582461904,1158.14520144978,87,28.4520824378354,6
793.355988728887,1354.39980537421,282,11.0805739909034,0
1404.60065840825,478.048136504479,11,1.412308143173,1
10.3641701048271,1710.05345755145,144,22.6840996403228,10
510.443393688151,704.173791464453,32,6.92982040032625,3
80.2388792249173,1545.43958024997,172,6.00012924476897,15
91.5906376709146,366.635894087593,373,3.84991328784334,0
43.8069018291725,755.835443300532,345,20.2854501811224,0
479.04241641369,486.080502296984,246,11.8303773202614,0
1366.12805552666,1166.00500850463,77,23.1708684754102,6
1872.5858476377,668.241083882026,205,21.4845264279331,0
1765.4725425198,1646.31094268612,94,13.9318128618115,7
518.191185776037,709.625590406932,40,4.91607820976324,3
1603.28597809919,155.980383186521,295,13.6024820687597,0
990.927463224718,323.090833942995,285,7.93928890357549,0
724.892843123813,1167.85882981918,111,29.5089530527903,8
165.870100044816,428.068337857285,163,20.2169729930871,13
28.9532015800664,1674.40027105631,139,23.5844084143396,10
1736.91763262389,1780.41987856434,72,22.4226844877012,5
1599.56815678862,144.980488308184,295,17.833184732789,0
1690.80513487757,1601.84738784439,99,38.4973810740439,7
1359.22568398657,527.471391062522,1,3.31306989836797,1
499.071552622406,490.857752907959,250,6.31870586716423,0
1466.97564781264,938.776548944705,236,23.0944485576834,0
1465.75811312354,954.617575044052,222,10.2264623620488,0
1290.88607562695,1806.38490340427,29,13.8164606687932,2
1786.48619635613,471.818862843772,371,2.72954444077482,0
1753.89147941664,1779.26576861743,72,11.4459902410254,5
1362.5638962114,1766.6255732356,298,26.4225903655794,0
1458.93466903215,950.967675941291,236,15.2161176841225,0
1506.5737226309,274.846379101913,231,17.5598573612292,0
510.062426181065,1155.5596330708,386,26.9198594864309,0
1336.86804077513,488.537273691222,317,23.6815847990217,0
1710.93510499379,1529.80453351582,98,16.3193772902482,7
1924.49621829575,460.369073388958,296,11.5013731251264,0
1354.04494948163,556.173271004033,1,32.4561731944008,1
1883.79036571755,681.417256964492,205,7.33639005332453,0
1381.48911384481,1094.50571277596,376,1.80670342821359,0
72.7085386994136,1272.96826351407,275,24.8413348690105,0
1456.76334249534,965.96595367554,222,5.39555853227864,0
1762.13818791589,1817.22471536487,74,6.94225132595746,5
1548.8573507419,1465.26901594498,167,24.2088713611975,14
1185.32216405469,1117.96810619107,332,17.2934472692249,0
225.821356270823,1994.05748724208,151,25.6460495691328,11
426.713269174044,298.904953915624,290,49.5914443002405,0
895.891590852081,1431.60943983543,186,7.80319783945017,18
68.7223467598425,1508.28732667271,173,7.83310732792398,15
778.583160146447,1288.32336977684,343,17.8914830878772,0
1710.69011438708,1567.22172055337,98,23.0502857874202,7
1752.43300311985,1593.9054768274,93,17.643757311053,7
1478.57538289807,1415.36665272064,168,14.7465733475238,14
193.546598493933,98.999459112615,340,22.9108480287607,0
1040.87442685682,1377.64906533469,248,3.73600619256657,0
1413.92564317557,476.423785633552,14,23.1531097595654,1
758.219018499023,1603.18898322044,297,22.4440107327423,0
534.821172662786,678.877130184833,40,31.5825579034055,3
1425.10864721379,1115.47278275272,78,35.6326281261007,6
526.168233599789,639.335809157103,42,2.63041790567203,3
894.975654358551,1423.21183135713,186,14.521398694554,18
261.471543582243,1451.65783852635,195,22.2946606270212,19
503.427993877827,720.495728489572,32,23.9280699038136,3
1392.11962167798,978.951976768283,382,27.2818036730495,0
249.894624643691,1628.63636693177,224,10.8112213982106,0
1613.08634547731,155.12463380985,295,4.70542712301296,0
595.79542799788,1673.23717994576,291,18.0472297285606,0
660.88471498124,1059.26690880427,56,16.7031784871877,4
1446.68812054166,949.679953119349,222,15.3634238020851,0
1255.1183910046,1764.31797552458,19,8.69201146583122,2
445.070613741692,313.093486016287,279,10.9445098401887,0
859.45568677367,222.198984697199,132,16.7409779553853,9
746.201008082922,1171.07633460454,111,13.652211300097,8
1211.80378266416,1676.68766326096,342,13.0044553417804,0
1705.27245146528,1545.06463646311,98,11.584445423128,7
714.191743742333,1061.1118260482,48,11.1440381102595,4
765.274926731244,181.250814328736,301,3.98488567622416,0
59.0604741962848,1276.97370910461,275,10.8332608301813,0
664.596034286483,1215.71030870203,333,1.85840721606974,0
922.308916890758,915.298437888283,395,24.657207564977,0
1526.58498232973,1799.20096464019,311,19.4839898224094,0
1466.54688323454,388.783336516065,334,22.0508506035539,0
1889.22882142594,1003.23571221582,266,15.1473392132414,0
540.874441301626,712.353680008027,37,22.560057633136,3
445.505957609547,829.049494997006,326,19.3090394730633,0
1233.04143576586,1746.1613324315,28,14.021743062384,2
1284.3896205652,782.044578394853,207,33.103213611721,0
221.780761825835,1988.30126879637,153,8.12224531909188,11
946.224026441834,963.519407097523,303,9.50812873798202,0
27.179507036527,1701.78835768245,149,16.0570144981585,10
1765.74245187626,1816.57097956702,66,17.2741562842228,5
1737.89340380968,1886.57762374246,73,39.0642208195169,5
1272.75922238803,523.797919719646,317,52.6479294089095,0
670.111918240912,1092.26821831567,57,9.81223789277618,4
901.132726515032,216.668302733068,134,12.4781290129733,9
569.248224297535,1480.19179271875,260,20.4055342415136,0
151.686832635341,1883.89311626882,159,12.887776176998,12
42.8097079064822,739.967913077364,345,4.62616229672533,0
755.791173454053,1170.08320576516,106,30.3389761778651,8
729.051913140539,1168.00103629284,111,25.6041157343164,8
1379.27404981872,1169.95236189429,89,16.4639267689886,6
1784.7144002701,1845.08177029566,72,61.3970973776879,5
1381.76124529534,1183.10283591622,89,7.57219899266243,6
1964.47092364979,548.164125266317,203,0.754254733971735,0
759.276065302268,1600.47252812618,297,19.6154143905902,0
1481.27404693171,1430.77242030041,166,5.81086870660739,14
548.671417668312,671.172286973621,34,2.42389828190869,3
52.4137152012616,743.825881033599,345,14.0701967600417,0
1548.64756454116,507.167387317824,245,5.110711144987,0
1748.26435671673,1831.99095111808,73,24.5202196304796,5
1753.31359988305,1837.33778519516,72,47.2237209281216,5
1138.97730062458,495.895400833982,327,13.5504991398316,0
1229.4207030988,1673.68581126667,342,16.5920414322901,0
1877.57730119302,1194.77075208249,196,25.0263135943756,20
1312.33614774157,535.071006356972,208,32.6065464175313,0
75.8464378521248,1518.92345708684,173,15.1422643967493,15
52.4329740380517,1496.55514967129,173,23.8350959346243,15
1598.91589265039,300.316199748282,252,20.1161768009979,0
1905.26437914088,1064.60064268188,355,13.4500204289306,0
663.656476321111,1018.64927400176,60,29.3499542881019,4
1714.47868264636,1839.42648573732,73,17.8698902680216,5
793.731984116985,1353.45924170466,282,12.0342281949417,0
160.722362851643,438.046292884377,164,29.9336450435667,13
932.526221518106,214.7762993636,134,29.1598185673081,9
1463.65464748941,374.531816709242,334,7.51236045843606,0
1441.31787188262,343.886833208171,334,31.1109670955496,0
1166.43060164393,512.358008715957,327,21.1112345068712,0
1467.72955467848,948.17356140091,236,13.6791945644166,0
62.9303438180514,1280.50462046606,275,15.0687502593756,0
924.117540250268,1933.48353175448,384,12.7248654075717,0
913.084428451845,1431.19665695237,186,11.3336349003278,18
1394.07714066897,1150.66938659273,80,18.9571111160471,6
37.4069722942592,717.198646509325,345,18.8858527453482,0
1766.49295269742,1813.61200846428,72,25.1806655713662,5
570.200664682258,663.533653870336,34,25.2644452170946,3
669.675117061391,1051.59921237583,53,6.18087181382551,4
1287.70784982603,747.596199275053,207,10.3805178288983,0
1401.11136812428,1137.58487340476,76,13.7215328888748,6
522.444004777616,602.42095760609,42,39.7301570577566,3
214.332954484038,1971.33750936827,153,19.8314744808335,11
1701.69043061414,1549.69090018797,98,15.8717849463329,7
501.004343328656,714.698347139594,44,21.2786674441817,3
499.608235146097,696.952907836397,32,9.79410410519533,3
1459.95504218285,954.021924562586,222,7.04602597134868,0
224.496109393107,1987.32049366736,155,21.7252709668174,11
1795.08499301388,1276.35685866256,257,2.84979757811909,0
1223.59075089852,1734.53343015669,30,23.8553056884314,2
1717.4717249784,1851.14599963267,73,12.8186376981874,5
58.6380877113232,931.552546167362,381,31.1255593855282,0
193.069571515388,1955.41214905674,153,46.3484004858879,11
681.089070348146,1088.38671601289,52,18.4821923942994,4
908.624790553723,1448.97481096452,186,14.6994573606275,18
1252.8880818973,1727.11788377749,27,14.8770950682557,2
563.107409532436,741.120069982945,37,18.6550549208008,3
129.848052137362,437.998243202085,164,2.62152107491202,13
941.795926671095,1925.12180604914,384,10.7738886945208,0
1473.6035272666,933.004869451558,236,28.9658061189323,0
1230.70135939003,1566.49706727933,227,50.6900246006406,0
789.770046756438,1346.05189965178,282,16.9854430207376,0
1716.16573003684,118.152914628756,335,37.7129759677972,0
670.379690376294,106.895407320137,271,33.7959199978015,0
1174.96347985854,1797.37267004444,292,14.6427850127627,0
11.8115260494227,1686.32633136548,139,2.82206055485074,10
1846.57544367029,1088.05686587395,251,22.1083693547386,0
133.960301944554,451.799512333468,164,11.8008233510259,13
758.885007371722,430.900850003715,218,24.0668083832647,0
1206.68081246727,1751.07726946265,30,7.67389756637729,2
196.138453044368,143.470746151321,340,43.20673941888,0
1778.56802896828,1781.74467406557,64,3.5270700542295,5
674.122262726344,1041.99578503007,53,9.08487903322301,4
723.287101678154,1203.84150751716,108,17.7263599512427,8
764.64533034506,1771.58723314289,210,2.6697377330781,0
1754.28496786442,1613.20416818528,97,23.8609905304575,7
51.0351326840055,720.41552862734,345,18.3998738238195,0
455.717153947585,1371.13984924402,368,22.9989002603576,0
896.034638700157,204.405375509875,134,9.0868712535057,9
915.054701280126,883.620579573849,395,9.50246443427395,0
1553.04293943469,1302.66435638188,234,27.6000703272408,0
865.075706197585,252.876661096884,129,14.8953128190043,9
84.0347917716244,451.986766289579,164,48.2570530945127,13
1245.25913293438,1759.6673676263,19,10.3813664471051,2
953.136148190292,1945.96274950218,384,19.8745668545361,0
510.571299051429,713.264575840526,40,13.333160179026,3
541.08798620049,678.026758419403,38,15.4526515588459,3
1327.32500787847,487.361525504677,317,14.3553016325175,0
233.558773516391,840.107701266593,214,36.8460948871875,0
559.240550860381,1498.42155393646,260,27.2820505469359,0
143.860096453109,128.5080122115,340,35.3442953141206,0
932.309002906304,1944.96224190705,384,11.2328147434162,0
137.024774022535,508.314777263394,331,15.3338695872509,0
1579.68638820662,305.268293143424,252,0.956362363533857,0
555.30627767678,281.049375600297,201,6.75675846640456,0
887.031860030744,1413.91856956555,186,26.6698388622346,18
1737.14246945957,1645.48781016815,99,34.5175681239778,7
166.541933334567,1892.0618517833,159,4.23877891588808,12
888.800143161395,162.246878119077,127,17.3315681349738,9
1930.93147597025,483.298942001876,296,12.5502934709235,0
108.695912228808,350.496875224584,346,20.8202563528296,0
745.421323214723,416.530833840366,218,4.39148062154244,0
1377.59096140591,1079.21381421292,376,15.8889351545745,0
836.838772794695,219.933591493419,123,19.8993941360363,9
842.757002216825,247.925787669877,129,12.5872289959073,9
248.508858974122,1668.82685606497,348,28.2536759426242,0
753.983360990535,1179.23117696496,108,27.3713842626298,8
1769.86498716997,1779.06593562096,64,12.041172154241,5
85.5713582024119,1572.58871558724,172,22.9419482397182,15
1562.61503888371,1287.61373371692,234,16.6920089526754,0
1219.66676734253,1742.80446084819,30,14.7069097921749,2
1580.07257100566,1297.65760502145,234,5.53084137089018,0
342.552390655588,1224.9183776327,330,20.5278361585952,0
387.738199746802,1677.55119582121,372,13.6855323203029,0
631.814002314865,1025.78637314319,60,21.1063361542412,4
1430.11625250815,514.445675592244,3,19.0733669907467,1
223.284838321615,1506.27861083888,321,9.42732142361657,0
1217.48108486614,1689.07849727534,342,2.9325202300985,0
1772.50735653792,1833.74969935888,70,7.75548474245174,5
1744.55117013415,1884.97012756891,73,39.4381068767595,5
1228.04762798164,1766.44701505703,21,16.0497120347697,2
663.192385702891,1053.96426126805,53,12.9878719460695,4
1720.0280163122,1801.80807089895,65,11.4658359739701,5
1800.6532159203,1856.53425642472,71,24.701313475137,5
741.841910316575,1139.54721585772,115,34.7035140554906,8
904.036298717592,295.279666507391,133,35.1367060410805,9
711.320334325283,1182.55977926799,120,5.91189489112683,8
1719.27179540932,1541.95767942969,98,3.89345044737415,7
1867.71864151806,1093.91893110804,200,35.8549667067214,20
1325.07662582438,1206.25879388971,88,26.7305564793407,6
232.464130773304,958.033482509062,365,27.6603386919161,0
1420.58499133462,1160.9155133159,80,19.7448878789896,6
912.794494968309,1956.10539933194,180,11.2740500038026,16
450.850923676038,301.22603051314,279,3.19246195392382,0
405.258127966231,315.381705696827,290,29.12517503046,0
1473.72981476515,1433.6607117758,166,8.30074816532617,14
798.014374966061,312.69374301067,341,23.29113681371,0
749.613374460255,203.511695136389,301,23.3989943657456,0
1486.5407231305,489.390029263506,350,12.533400933263,0
1150.64694581461,1895.53749389763,256,26.0843231974958,0
924.709937257309,957.438291084248,303,21.0180707421817,0
21.121717531846,758.991102157092,345,30.4982547190916,0
713.610524448315,1147.14559885536,106,24.6189526725718,8
544.460938170406,259.871005097205,201,28.7084069716113,0
1766.68955248139,1835.08958259657,72,45.8480957302366,5
1910.2795737121,483.01829388939,296,22.4733454706738,0
700.265567312361,1054.42263914413,56,22.9745266232395,4
910.435414656222,1455.67492907655,188,9.95798074396204,18
1414.85777061005,945.595105384709,382,16.1846383658374,0
1347.40801713255,546.428520615259,10,30.9076879779864,1
207.165138966693,1641.89341529319,307,19.5537090329268,0
1463.66802819946,947.806786045408,236,15.1588406893838,0
1440.58091859176,940.36214101066,222,26.3773897846299,0
1479.84246239872,1429.97711883007,166,6.8068241779966,14
40.4871703377593,1662.68915990249,145,7.61526868359756,10
1059.45248799895,40.1443029615702,181,12.2189473171954,17
1477.36630684394,468.961977291678,350,10.3385419841863,0
1910.45183263333,1043.8371722155,355,12.5954582843266,0
857.230388044904,174.780869427223,123,30.9745372553086,9
1379.79471005909,1170.95486671319,89,15.3534814480532,6
923.15049277891,868.900125346869,395,21.8233713748805,0
845.906876087418,221.143314510061,132,12.7783159306642,9
1439.28080122549,548.018370388128,4,9.59521748280212,1
131.081367843125,444.088525405533,164,3.68665737514701,13
37.9468950700717,1686.61232669775,143,22.3255769884616,10
0.490154453500377,1686.87944491418,140,30.1458242781868,10
1771.49236033515,1601.47599166961,97,4.83623583242228,7
30.9843437868191,1277.54833299748,275,17.2487492731506,0
943.148867815663,964.283762572448,303,10.4968433757311,0
644.023483313214,1230.06056770486,333,23.294095525457,0
562.48805239476,837.313132591875,243,11.8882515749285,0
1274.1257124359,766.391757625389,207,17.0764503408412,0
1480.01068473912,489.231869136233,350,10.1492735085642,0
1700.75439518067,1612.43620772168,91,18.130243091049,7
836.356319175024,1179.10835344577,359,6.27304863787348,0
1726.53826526425,1873.32157374752,73,25.2326696059989,5
1430.99416048577,1138.56796805394,80,20.0095009638055,6
936.753371835917,1967.64778796248,180,15.6134704575836,16
1983.58977991685,693.697651575106,299,13.1376973894853,0
1579.26333602158,219.890845758063,255,24.7930095053064,0
1125.28390253829,806.604060790957,385,21.5469358456603,0
1563.66641209525,1823.93594550767,311,27.0828576935917,0
466.149225858674,1300.47077608686,383,22.3482288094296,0
1210.01941281618,1773.25056047196,30,17.6813864461702,2
1998.46748302145,659.539009883914,299,24.5686976927133,0
1159.90953679046,1812.11410011955,292,14.5117150521934,0
1365.52246532313,1083.50861780668,376,20.6244766491882,0
483.880105626474,483.062208412322,246,8.06593844460285,0
1434.79432015704,540.121080651062,4,16.9790558900235,1
872.637823601325,210.571202229865,131,24.4139510347077,9
1053.69888006974,1367.41784867871,248,13.4049432037046,0
1758.42977209074,1782.33349791147,67,26.8444062617124,5
1236.14100472999,1738.92448552881,28,10.2317926896844,2
163.806478965156,1401.9006093591,191,23.9119162234339,19
1130.22481389079,1928.5773314713,256,15.1205589831902,0
1724.6532650997,1555.58705803483,98,13.138677660188,7
848.050769777151,190.232259547708,123,14.7329853531865,9
12.5564613961477,1676.58269587895,139,11.1149760788244,10
686.667518480185,1183.47274550287,120,29.6131901048842,8
1721.06082922704,1823.41884553431,73,26.4528625783146,5
891.535607570307,231.869991075576,128,18.2970586694417,9
35.3877061273585,728.664357869168,345,8.97658870962993,0
913.290101660612,277.127266719459,133,23.4001715394823,9
640.825422654681,1027.28243189054,60,15.2584313617463,4
627.272155237628,1658.81310335416,291,26.8901677967826,0
1418.62194863919,954.123748175503,382,9.28515383234882,0
933.762206036979,928.434111290281,303,28.1504502955161,0
1689.88540988584,681.772396948015,247,5.04353820983655,0
1212.36161558967,1727.13574919665,30,28.6472514261596,2
1540.30414849816,1468.84972790409,167,15.4850382763744,14
1399.90431807932,458.485224631779,14,20.484087576825,1
1414.69607471282,943.876145603863,382,17.8821865546222,0
1472.72698459324,500.435937467304,350,22.3478426299616,0
757.105470829016,1168.19613334856,115,14.947367256554,8
683.612533416955,1047.3958432411,53,8.55397194147658,4
740.329825411017,437.802183975258,218,24.8657922093307,0
1395.02196963126,469.864701740163,2,33.952762125335,1
749.66840758009,1186.69114922796,116,19.6043628563349,8
1031.36837761283,17.8266567608523,185,35.2980529985651,17
473.404567917075,532.838650965262,364,13.1638072320847,0
1344.66242115251,502.968020957173,377,4.3331072667327,0
1723.74482977307,1609.63337185576,105,1.43940726522025,7
760.516499012183,1771.27152851744,210,1.6604639727489,0
579.984260460859,740.967460331553,225,13.0366096205903,0
683.492595123609,1109.98390944365,52,28.4449430065243,4
71.5241228510228,1275.04325518724,275,23.393836364855,0
1798.62469828439,1787.79926148587,64,18.3763194776755,5
1235.94087977601,1749.04580995448,28,12.9007109171025,2
1557.00233540806,1796.71706162281,311,26.1926312220566,0
1159.06395105615,524.809531765645,327,21.7152529348444,0
522.646486794826,702.60010689279,39,5.62878358547707,3
1601.49168297202,1356.71753182215,287,30.7361048585254,0
1452.5095486864,554.093738027379,4,5.69086201651346,1
764.302259385682,1774.92036915028,210,3.71268482217468,0
154.878611728849,1892.22618487653,159,7.6588484690297,12
126.138383702197,508.243610262023,331,5.30601710101479,0
273.383470988158,1976.35275173713,154,22.5306518521441,11
936.759173823932,864.865383075992,395,29.9968053064722,0
1164.34232565081,102.812045082274,374,29.5157634111784,0
896.812201174127,217.21581017514,134,14.8995953699828,9
837.926995402523,229.402356297792,123,27.2774288239227,9
885.853073385942,197.839525469125,124,15.8840860288271,9
27.0663025558683,723.51991482716,345,18.4603362737832,0
1238.00445197579,1768.1202361684,19,20.9491708842695,2
971.999610572823,334.595084949596,285,15.7409920341028,0
1555.58941041452,241.648803286424,219,33.8964232853394,0
809.318478624921,1091.92939675528,267,17.0781994062747,0
531.721450694843,641.861987911279,42,5.17196972623148,3
1465.3111425154,361.245402691941,334,6.89806318219267,0
1287.09313792322,1842.57303406836,29,39.9803748303242,2
856.447437997807,257.433775363877,122,23.3095569238096,9
21.0928439315206,731.013088884091,345,20.3526476677922,0
62.9707896188529,1283.04250697473,275,15.858639203715,0
633.833699209809,1030.26647776006,60,16.4528341395946,4
556.601405232747,736.343007397738,37,14.4364142682529,3
791.391438921804,1372.79475047185,282,11.5940149333917,0
1723.44997120251,1571.61194080955,98,27.4052289390025,7
517.410898328857,670.593022706007,33,21.0275763835237,3
374.010911329662,1247.68623399215,253,15.8087961199586,0
1714.49893809538,1804.14897984801,65,5.70414034939314,5
1265.78261440394,733.24371086078,207,20.1882090607791,0
242.910397521227,1617.56224891721,224,8.53833013827738,0
1691.0733121789,699.096793698224,247,12.6596350515998,0
29.3267772491722,1712.53156904232,149,5.48343445081842,10
1070.57738422011,34.789422701602,181,2.79247436152619,17
221.921807659087,1626.67105582038,307,19.5669307759738,0
1479.97713063548,489.265056400526,350,10.1803814197937,0
209.179529244916,1400.70826688057,191,23.0153403200524,19
924.000159304723,1950.70516973561,180,8.46674217624739,16
550.071655146546,1171.33628177478,386,19.4375030387681,0
661.432866557249,1212.97158540116,333,3.65228060665997,0
1387.67309886221,479.09145872426,14,3.84370771786295,1
775.18789814891,1905.08246523669,324,4.33372546785666,0
5.13347516233792,1679.8144349413,139,8.34586188711305,10
1447.31269184144,952.638784181595,222,12.921933460054,0
899.375578067208,241.815346370552,133,19.4203153680456,9
10.2619433473358,1670.96355233978,140,13.640229881619,10
890.645406376363,1418.04518396907,186,21.2157091114653,18
848.689316235637,1186.73188615252,359,14.1299794022328,0
1049.95139543365,1381.39884157347,248,6.7786603435204,0
1574.91448858793,309.953391417101,252,7.00581825519296,0
936.115946874162,1934.53759550966,384,0.683100145446117,0
1079.4083709771,36.8604419062264,181,11.3019863241691,17
365.091763035916,1211.4334055191,330,18.5464115311347,0
696.536236097763,630.536220164488,366,18.282872367216,0
1251.44945977686,1786.97880182993,19,31.5289117301893,2
1711.61117575691,1779.51257639188,61,61.3921148276835,5
1799.09698761874,1809.73825585509,75,0.31837345295235,5
1789.434966289,1788.08763147475,72,32.4437742691867,5
205.534816137812,1934.00456997078,154,65.1599688939293,11
1585.76619214067,1289.17881492564,234,7.79579601025772,0
180.242483255615,1380.24080538489,191,16.4585039761954,19
1886.32864899363,1117.66419704756,200,8.42850247378256,20
176.993921095525,776.433453070196,244,13.8416900752279,0
918.30342670084,201.786166700364,135,55.0969660541987,9
64.4037752013781,1575.8419912642,172,28.3024019652287,15
653.83716564184,1213.15906830552,333,9.55466212855953,0
695.138299165579,1179.66767087261,106,32.2618408785288,8
1173.37063946402,1782.96659690069,292,19.6119867549592,0
1755.38788421294,1814.51289053422,74,10.1879467863718,5
1619.14256203902,141.278406015556,295,10.7000712704888,0
1729.3835951194,1597.8282588654,99,14.4885603470265,7
159.995677162698,1894.02810585931,159,3.89128136074401,12
218.972133982577,123.945573330724,340,49.5375729359077,0
37.9466266973655,914.345931968888,381,6.69061773713729,0
556.70368225059,689.387022244759,42,56.2193607343263,3
1141.05111099167,495.997247248036,327,12.5282056145528,0
1391.01849929646,1157.92299804839,77,4.39665773073093,6
1481.89563070208,946.34007653989,222,28.286497047096,0
13.9188887563063,1680.76281333242,150,4.62690554664618,10
1250.55728149163,1726.99986455142,24,8.31950634904119,2
1427.76535318146,1077.96251348547,237,22.5622054235504,0
159.614827706964,443.705491245884,164,28.9215368303324,13
895.978252012474,201.39078412655,134,9.76290676838857,9
1522.45120582133,1463.61342338275,169,36.8063193333399,14
41.7121446585244,758.339948781381,345,22.5934306637887,0
785.916777195387,1379.55961995128,282,16.9711401536878,0
1219.54231260596,126.333554832583,374,30.7268471506244,0
507.608387144126,673.830869581101,32,23.5606776745459,3
1177.96696881366,1151.44677977596,332,19.4519876085101,0
1761.01632920979,1788.98024068036,67,24.3302990381979,5
754.676842765645,1772.40490672031,210,7.34217319048405,0
1702.9744692644,1579.74976252454,91,23.9749212614927,7
27.7327310960931,1686.64755874992,144,16.5356908650854,10
1430.71824488415,1186.5611794628,86,9.45989776895668,6
1331.84570695463,504.742833360589,10,18.7436148143294,1
1495.86794179589,1460.77899210127,167,29.9082713660015,14
658.118416197203,1082.55741888792,52,9.21864155972643,4
11.3622538077061,1720.65690003677,149,16.7874749918443,10
687.857337119745,1052.96849680623,53,12.2115784331105,4
1362.42917478541,536.633683531643,1,12.8308805236549,1
786.300338443734,1901.67504602891,324,15.4431196216216,0
651.418271393412,1049.84935202987,60,9.95631147437556,4
801.733440145532,1123.76148373412,267,15.7389015230832,0
1752.68455492307,1803.32335615802,67,11.8062285394087,5
1413.49396862368,1149.66639081558,80,6.60306083077003,6
1204.31489343269,1737.71104011253,30,19.9389648206593,2
1285.31465383356,1801.25499344414,23,32.4241799589351,2
1390.29318451108,428.470164060109,265,22.111234534657,0
3.27911740915068,1692.0091664546,139,7.59169675175634,10
908.718860792415,1434.98252131267,186,6.12290407441772,18
511.166913713214,705.779465408738,32,8.63937268566154,3
1816.77196306591,1149.26062113263,198,13.9513489101288,20
1415.1757703842,1139.42084782833,80,5.3374393245488,6
687.120663749257,1051.95585376333,53,11.3493000783457,4
1774.63431054298,1799.71968893258,64,16.1422046736655,5
1992.08894723104,224.202666619769,281,14.6482635862155,0
73.3822816748196,1710.80934981409,138,16.5983606504918,10
1442.94645715877,551.292376294513,4,5.92256080375239,1
1556.83926983823,1812.70537667993,311,18.827229768259,0
1758.98874124611,1624.09397652955,102,4.60134736635831,7
1209.54278922637,1697.94817077438,342,14.8263067540314,0
648.896756170616,1094.1916987777,50,14.9620755090685,4
702.515204704841,1169.41444102955,120,16.3845211935106,8
1051.54290316341,1744.25803498326,263,21.7713267717895,0
1460.76740650141,967.524308716309,222,7.65030680175046,0
492.750599871931,492.847988423534,246,5.99796730631925,0
19.9667660280492,1282.24480126649,275,28.7102550557132,0
962.463103000264,1938.72073519619,384,25.9942721011961,0
737.664297562918,1192.38523307852,108,11.4441776909406,8
648.785059237034,1093.3478712818,55,16.8973719703188,4
1680.62552536566,663.753569774991,247,24.2849191772296,0
1724.71202618297,1598.71844307804,91,10.3164019250577,7
527.566706307919,690.464755086826,34,26.3228148315843,3
1485.79375358442,498.246076550339,350,20.189120664555,0
1747.57687190022,1604.5745956798,100,12.8258580177083,7
1292.75027636653,752.793824669827,207,15.5355025440644,0
717.277907367253,1921.24934613083,232,18.9943359411476,0
1582.00213877322,1285.4919136936,234,7.61349306000365,0
268.369938592035,1624.86924522815,224,18.2940238804537,0
1327.15921111436,499.155045172889,317,16.5848486126013,0
725.657475036193,1173.12855048262,114,12.3762931471344,8
888.320722896461,206.749557747547,131,17.5326531056619,9
781.793856088704,203.005863292526,301,25.366724403013,0
1908.63095864416,1069.02133094385,355,15.012654693503,0
524.784461924732,696.427941836675,33,5.88773247950911,3
365.066203432638,316.587865356842,290,16.3732525381205,0
997.55231826788,348.886848386825,285,21.5813947509922,0
495.316302919261,717.72191569937,32,24.785206568566,3
1824.55013672708,1161.96996111226,198,11.2965307314684,20
919.671829494268,1945.9088677338,384,20.4810239212051,0
555.379866602031,715.625264232557,37,8.93449804281832,3
852.943005750179,242.091402763411,129,15.5491790783089,9
1816.7515701929,1806.93125926644,75,17.7143743504867,5
742.556113363454,1208.0386364857,108,4.95660501559216,8
51.9421587297831,738.469703145537,345,11.3851274411019,0
932.800581224609,1927.45253380723,384,8.23768576232244,0
172.407623555192,406.501256979091,163,32.4665597009981,13
45.5939640487127,1261.06461153392,275,16.3445407797285,0
912.065125680145,1451.14328152367,188,6.69253180824254,18
36.9171923868562,729.576336736606,345,7.34796518862431,0
229.859574187211,910.110845638731,365,21.4415893945691,0
1432.7828039074,1175.83166158833,82,6.85773646820537,6
1206.21262900586,1885.0848016673,313,10.066909361257,0
1113.68545664796,51.3599540179595,181,48.5195862832797,17
1260.36521513214,1836.29980399922,23,25.6032479858331,2
933.878902726174,202.920608151419,134,28.8319078334267,9
1212.43925571326,1763.39843424126,30,7.624107918102,2
749.952260443861,1160.72558717013,111,3.48350225830705,8
1727.86620028831,140.490333750016,335,59.5424639436402,0
20.5797090221804,643.610931055577,217,30.366320300386,0
1746.73074414812,1600.78734821198,99,22.0612991193936,7
159.462855016355,1902.25601085369,159,11.6435149611251,12
80.4711623445572,1556.07019268716,172,5.7136152325621,15
1770.00588840732,1806.35338121409,74,6.80910753126767,5
558.238683717929,709.451574696082,37,13.4181689351527,3
434.238585803968,318.489676950008,279,21.0317274903826,0
1747.30849383969,1605.13440471834,105,24.7031945482836,7
1806.4475952982,1807.43903334188,75,7.58471811228574,5
898.412820023843,1414.61076291708,189,9.85822132997312,18
536.05527652494,668.182762639579,34,11.1013693554455,3
1397.99450009849,1176.98993264691,89,10.5350656286095,6
1788.86601313242,1785.89923767129,64,8.43966383279882,5
1777.61911124398,448.120116402194,336,36.4058030704115,0
1712.31907306448,1551.69483044708,98,8.07811024626425,7
757.778414722557,1792.73254087207,210,21.1581327233323,0
1252.1089823623,1784.27315000021,23,27.20802681247,2
9.22621352521506,1767.43035244145,146,21.6381118299205,10
826.15259371061,209.86001328266,135,37.5274543720989,9
1308.00197879382,529.990956509694,317,40.1969164381318,0
1703.1421884656,1609.83715517582,91,14.6351353112577,7
1557.6915439873,498.427173613471,245,12.604302555024,0
1720.34304699345,1828.10901596249,73,22.3929585696483,5
1208.58247042745,1768.27925746158,30,13.1735831377438,2
787.683978024997,1345.87080674945,282,16.8135545493558,0
54.2557894300632,744.532800163094,345,15.9919624381475,0
1465.69216485966,1407.11851680433,166,33.4338491988709,14
1471.94996284394,374.061335513446,334,12.1651835841686,0
121.913601655499,436.934814086704,161,7.85676639433578,13
1976.3600781694,1206.50452602549,235,15.0630018277969,0
1107.01305857271,811.875633357985,385,12.0035369509905,0
1587.56557969538,286.506229230409,252,19.769897329251,0
1144.04520702881,495.025541687164,327,12.6677421493298,0
229.436670459519,1956.3933475626,152,25.5369273585528,11
897.711039099694,246.811166437631,121,9.2883867985128,9
908.840959382332,1426.4211051378,189,15.2022098883445,18
585.127312680062,719.058232861176,37,24.4035436663631,3
991.59380199596,521.202068385406,325,9.78970760150488,0
568.331940425118,663.556437131343,34,23.5070331536394,3
1412.36280191374,1205.73473819964,81,16.9467112444585,6
1388.86619134925,1142.23070173326,79,5.12180480293275,6
29.2217139878459,1262.69527403771,275,23.9070065032534,0
1732.26549667444,68.3247556673667,335,15.6207968130238,0
1333.2157902016,511.471285795939,377,9.94580870087621,0
1245.89112035304,1747.44104777545,28,6.31089282667669,2
567.641152649088,337.244610121577,312,11.898231536749,0
535.726357654068,678.536265352502,33,16.9621133044821,3
1884.28851982062,1892.18004086698,397,19.160595770546,0
1218.27375197462,1750.6169467368,30,7.56530099987374,2
1464.40204298158,552.294595079285,4,15.8924168616403,1
689.889323242772,1146.58096346007,107,35.8393292727719,8
778.188576969813,907.715185476063,351,5.02926355386003,0
710.227656955553,1180.43614387488,107,3.77822885283082,8
577.676842329793,716.125246786325,225,13.844682307842,0
1774.83658574641,1778.51823419727,74,33.8289890395022,5
1395.42653968054,479.662625945912,2,34.7865754190404,1
1489.30538899095,1432.37134748114,166,8.86658066965136,14
1533.24689898778,1458.26471833503,167,13.0493909219081,14
928.966443395044,1920.87546049369,384,15.8497286683282,0
543.28902243455,274.000596560978,201,20.5078643558518,0
242.941533672364,1717.11999991348,348,24.0667109701519,0
461.227965847862,717.11679596712,43,9.86482643922035,3
107.131180654621,1470.93891024356,175,31.0357168671948,15
75.3670569258362,1496.4030400728,175,10.8495687429465,15
1611.15351491719,217.12110098805,255,10.1864110962335,0
38.6273026345044,1645.34505550689,145,10.5255424811742,10
625.84907088206,738.252467213885,380,8.0559854231796,0
501.724412982024,689.029475326573,36,8.38686089661463,3
751.319296637782,1210.36265267202,108,12.4824475836717,8
1779.56475498118,1571.58061082383,96,11.7407277962452,7
1413.4727122769,940.484782909772,382,21.2164481021444,0
73.2360024734941,1738.70375823411,143,42.1881334647408,10
1727.08981277358,1876.96603847133,73,28.7869102293428,5
900.39300293731,215.262476690317,124,27.4762805826179,9
261.144307659397,1397.76860603735,194,7.29572528926146,19
1923.36514660865,1100.14819598691,200,33.4449803524459,20
35.7146912111643,740.551634938171,345,7.04718359793482,0
543.91715020323,1403.7113495758,262,61.6869976729853,0
1722.69849700002,1577.57901489065,91,24.521553790607,7
532.912397045839,638.476924435826,33,52.9289183293264,3
654.429111183091,1099.45861824679,50,10.366341158061,4
122.522597662383,168.614683738896,216,8.85312468620049,0
1710.91984734481,1523.43830393936,98,22.375336170369,7
1146.52326025642,1926.55234958644,256,7.0319703435667,0
867.049471483522,215.478560282794,135,11.8209566095095,9
532.43807189931,697.930032793157,33,11.2995769400095,3
811.250582124763,1108.67576695236,267,7.10041359357742,0
1615.16176678858,1585.97972201136,302,6.51178788528231,0
1537.02427625138,1465.72179089266,167,12.449954661827,14
1464.44608186041,478.908002205174,350,14.9374055970117,0
1781.32955547226,1773.60422986418,64,11.1121159758931,5
942.155874280773,1928.26976282304,384,8.34646555456611,0
39.4931516278096,1706.70644735965,149,16.0586442579815,10
1124.72907960769,522.274233347974,327,25.7582563937331,0
720.756193850014,1185.07893961007,109,38.9156950184424,8
1401.04947018835,525.128286177003,6,8.89044146645809,1
1536.27288432587,1815.78321930142,311,2.06926083944379,0
1730.16534596687,1813.36805548509,67,15.1591669490211,5
931.637640124687,1958.64443150928,180,8.00895526578629,16
1943.55088178281,997.604836340598,363,29.9535188692723,0
1877.47524437209,1137.37388878026,200,26.3586682772394,20
373.490040102468,1088.36750733657,398,29.6629927195897,0
219.083058018595,1644.04842625369,289,22.3301600917489,0
197.036312416541,85.9542333802451,340,32.8130736945154,0
1596.33542318358,642.608127137606,400,11.721851817555,0
129.598097141091,421.868167387413,161,12.4379327568279,13
1075.09413751226,15.5814277326534,181,17.9858697362303,17
1871.44075572892,702.603963756549,205,17.2432061216525,0
455.680839636645,1651.42794805914,293,33.8090145808891,0
1410.69544764535,957.185533205339,382,5.18926764798764,0
12.4654121084538,1682.93242248151,139,5.38844532334369,10
205.549349677713,1490.1666638072,321,16.774678436436,0
17.0889205915536,1683.63495715667,150,6.55455374665021,10
1382.00978662521,547.124493982189,1,32.2183225241306,1
1407.27482788424,542.914630180885,7,22.8498628573801,1
1811.16068867182,1816.47930676438,75,13.5221072334756,5
1367.52111992887,518.714853479694,1,9.77227126366036,1
1238.32733456044,1737.69035967268,28,8.53019895051785,2
1399.91423936143,457.652565038076,14,21.2370081431817,1
1540.36190719097,1477.23963202582,167,17.9509157450606,14
881.519652895455,238.65398210566,128,6.59554004386213,9
1411.62639033178,954.160021333268,382,7.7137918492956,0
1732.81415299166,1536.4412634405,98,18.1132309715354,7
1042.03448290348,1362.33204268794,248,15.1369409714111,0
51.5761192402756,1274.69416645277,275,4.17797888051563,0
454.572536655677,276.216805648308,279,27.1379355576519,0
1766.82093221898,1791.77645075619,74,19.1741706819594,5
1398.06891485137,512.553326780184,5,6.24141502386398,1
480.00979833185,1289.79684099518,383,21.2587625983669,0
1880.95533476521,698.788902760924,205,10.6859944404499,0
1224.31418805337,1795.5010765814,21,13.2618325910772,2
1372.8117036473,414.399312924292,265,28.3652423480395,0
731.547341769509,1184.32524454233,120,16.5651723730432,8
231.074035732688,940.068173441086,365,10.7167694118983,0
1740.37098333897,1804.09929489474,61,29.6980846595456,5
664.961945358942,1211.34429446807,333,5.42388328609753,0
1608.9066533996,1583.80740356588,302,6.90305809946288,0
44.8450224396437,1720.55527651779,144,22.1277450900236,10
1407.6915034914,1137.27029209781,76,7.74318049348844,6
1396.61507417684,482.496573754942,14,8.14158485909154,1
1786.90131472991,1543.22327983428,300,40.4257153482598,0
1427.30576536621,1137.30234097744,76,13.5576908044906,6
1722.43040362822,1549.76530596879,98,7.32548498856604,7
1436.41522610116,1160.19924938098,80,30.0231796549472,6
717.39236273336,1886.85138296312,232,26.8549626890891,0
1753.00553385147,1595.40257966983,96,24.5902578613887,7
1021.83463629476,325.312298948706,285,35.0897804998305,0
109.387299092038,1262.60674398328,378,22.427469987887,0
563.62568276771,721.9907668711,37,2.71176913460142,3
1808.86940064504,712.261729633463,329,4.24288796307954,0
982.64654736884,512.275985831216,315,1.60870583861647,0
1774.80868873348,1778.53820505752,64,8.38749276813913,5
886.385413139309,225.66964574288,133,36.7022134471705,9
1392.47007078986,1184.59102251059,89,3.52401612453184,6
863.692358329206,237.005046269457,129,24.1566993948395,9
843.121963950009,232.696088183594,130,16.2873668187906,9
539.102231682024,638.68504200265,42,12.9669397947929,3
1263.87614940737,1760.00659874266,19,10.0545380613261,2
1366.47564772809,843.45052501135,241,44.5512377949262,0
1546.49939665983,1483.56840116949,167,26.5431220521157,14
1742.62440373539,1842.74519042128,73,13.8242287245826,5
1400.04434505478,1133.17433202166,76,16.4135319491486,6
1813.09758576273,717.968286529076,329,9.99851891226459,0
584.630050782538,722.981640778658,225,5.59029904092807,0
1895.22872974183,1121.21217754188,200,3.77275891114496,20
1733.50508106435,1595.71126449744,99,17.4597375363944,7
12.8510755512304,1686.39533327967,150,3.38264953905029,10
1830.39077906547,1165.82901101343,198,13.5299362990063,20
1482.56224792363,486.595575800318,350,8.14034007411657,0
1707.77023174284,1861.69545151305,73,25.9207157071789,5
1583.32998141607,313.897795540158,252,10.3188581747075,0
666.035314381846,1149.01881734578,46,15.7792799138499,4
1739.74516162773,1844.38048194779,73,10.5352204518524,5
1583.88027130527,300.317990407588,252,6.21171188331156,0
1884.23373427048,679.984720992011,205,8.82644897925074,0
356.053524247851,1130.82197381293,398,16.3611986635952,0
1473.47580415956,960.638752212313,222,15.9988844036333,0
478.031079558257,1858.45645303473,394,39.2519985556388,0
1386.28545994702,1168.88604220359,90,5.05129994041376,6
379.724261301833,1120.87354083327,337,15.1658743446976,0
235.401205651291,925.658030210601,365,5.01107506569568,0
372.996878177219,1206.93502848184,330,25.3860194686105,0
1251.8507340559,1841.73175110088,22,19.0295377126618,2
537.087509086062,289.398167296815,201,25.6557785074525,0
30.5474890486385,731.836239909092,345,11.0565850966448,0
742.245679104401,1192.27887167205,114,17.5693626069449,8
597.908747080018,1901.32435982851,233,19.1783978083214,0
676.82703469004,1080.83523757997,52,17.1114854848286,4
27.0645541500201,1681.2674294995,150,16.736062902273,10
928.632382697372,1941.87065604765,384,10.8853462840997,0
905.915291832238,1938.35071737009,384,31.0922333104826,0
965.195679901899,526.523692363847,315,21.4145895414023,0
909.495168310669,265.379254719299,133,13.8678144536589,9
51.9855586009436,732.292814797877,345,11.6311164849743,0
736.525757363801,1067.99851142059,48,25.7271932167217,4
1872.65353717805,1091.03710845405,200,34.4547595434362,20
227.312598804828,1990.82931020679,153,6.41746435225462,11
1724.58497961781,1613.90870412821,99,3.68886156215936,7
1356.39324868195,504.888976041952,10,14.0690698733189,1
15.6136518441053,1777.08436291774,146,32.021438278495,10
705.218285986357,1189.01876534743,114,21.1143112194091,8
1799.62035432854,727.267060428404,329,21.8205113608394,0
119.137861699024,295.515465117849,215,13.3816782791975,0
40.9625890800481,1286.94271370313,275,12.1581410266209,0
843.285836935281,259.023880484086,129,7.78195881533248,9
1954.99186876489,1043.61755705208,363,22.9397732764263,0
1028.8141290528,4.68995699341605,185,22.2985430488392,17
443.204154263269,195.116425446385,249,22.3777213532703,0
1570.67163923735,317.284661626894,252,15.439766447609,0
138.527177348797,445.221757854886,164,9.0348498728851,13
1918.2990780122,1068.60590102168,355,13.4605815594826,0
1479.71160817944,1443.03203648663,168,28.2701138047487,14
650.039076133356,1094.29536807303,52,13.2378239223044,4
1252.55654790864,1812.59699551873,22,17.6413482077084,2
1217.31132285888,1708.33494439687,342,21.3830125620881,0
731.978441258877,1175.73915378103,108,29.0308076206695,8
1789.38819587044,1819.81248013157,69,28.5574744216071,5
1777.69660692579,1607.34580053297,102,20.7027469555369,7
1726.70932685795,1597.19006995796,91,12.6215141869678,7
1739.65769916367,1816.42009377009,73,33.3407715903516,5
1759.37781994404,1811.50940702375,74,5.55703288312627,5
144.848955465842,1886.36196059454,159,18.1905659625409,12
562.78715944875,714.265333314087,37,8.51528729010593,3
1206.50192659645,1770.09293893257,30,15.6146695612199,2
467.277210601105,696.239885826281,41,17.4708354178084,3
1777.5321823491,704.93111373919,329,33.0959611965178,0
582.517208437275,724.896251301457,225,3.8586616390034,0
1931.76678447762,489.663421319481,296,18.969183151707,0
969.16876769562,1936.38051700151,384,32.4265782683081,0
118.693918745481,506.91008435823,331,4.00310363620456,0
669.457424542797,1051.93915687924,58,23.3829003356681,4
837.129743139926,205.514787389072,132,12.6786156989505,9
1348.25418864961,732.277682133943,274,10.6479467098872,0
686.474502052007,1061.52550370182,56,9.99529498659927,4
445.498531600232,1339.44465121639,390,9.10537965874867,0
1379.15537267845,457.170002802252,14,22.8314617525413,1
421.050731375419,1569.56395103381,206,12.8472777177207,0
1439.70136485952,536.024869895156,4,16.5101250619657,1
700.834646748812,1116.63970499116,51,19.0573622505065,4
1338.55669706457,1209.78897084471,88,29.1093482878872,6
1061.65727190784,980.311586983321,220,17.2212118907228,0
984.619413640258,505.502736334821,315,7.52353440663718,0
1867.3074059074,1137.74941290077,200,34.1269411046447,20
483.551399221274,1304.99574960309,383,5.8040230341704,0
1427.30203894972,1145.17980857463,76,13.5501166253792,6
854.962036818454,198.659717940426,132,11.6192470680949,9
1827.69599509761,1145.42174480116,199,27.5899684706309,20
1375.71776677244,1148.27997955454,77,18.8771186104977,6
605.601138858262,1883.46342819522,233,9.00712996019533,0
82.3085762512704,1272.16529759877,275,34.4483011830563,0
1767.65064765684,1275.33175940908,257,24.6684012814907,0
1163.96733439817,1151.11726792544,332,22.1586555461875,0
168.816136093103,76.9728458497398,340,30.6846584402461,0
1773.22304965625,1779.0909611483,69,35.9341369656476,5
243.551836130318,942.77079374759,365,14.2435932905487,0
29.5870966307764,1692.66215379743,144,10.2542608240388,10
1789.05780123114,475.107766132162,371,6.08675007434122,0
219.260146673216,1983.61046817176,153,9.82931561995381,11
247.115086489437,1691.63744652893,348,11.4895099080913,0
785.712345732215,1353.95935544031,282,8.63099524030769,0
530.951668767819,656.515593157403,34,21.9794904388718,3
221.986007360927,1665.50253159928,289,19.2989311015297,0
1771.53766769727,1558.57555472975,96,18.3393067182629,7
87.5999377343646,1511.73064044198,173,14.7700941558594,15
1418.15797631499,503.180897645141,7,20.3193632981256,1
1392.51516465436,1154.77587616491,77,7.87848254474784,6
1766.93561017118,1773.67422825741,74,37.2354292964819,5
1780.82903343196,1590.6155404218,96,18.220295074447,7
1238.37515616183,1810.68745854481,22,15.5768233428229,2
789.56124966101,1358.99880738525,282,5.13379118565633,0
169.853561252336,763.506830956627,244,12.7770239846178,0
1954.86084564392,557.382513862646,203,13.0189483081288,0
870.366229029197,235.060955090537,125,23.6186754872663,9
378.566992163142,308.753238121731,290,2.79817949313228,0
1518.12665211156,1477.45270433833,167,11.395840324082,14
847.14976421485,216.270740602251,132,7.75215376038996,9
239.161635670384,1969.11131028136,151,7.45882383217972,11
1491.13864479953,483.492159953703,350,12.5493521727608,0
1461.59034447068,551.980078623566,4,13.0661835302557,1
1298.78329388625,816.503522881854,241,28.3394718246806,0
13.0929072311176,1715.28535226321,149,15.0335921520127,10
1405.0885856641,1198.88192146499,81,7.16348442140171,6
1491.77808454047,1477.76829082369,167,34.3996905519689,14
1226.72696429036,1787.53759577693,21,5.39066924403,2
809.867592546984,1829.88120312495,316,26.1616331054522,0
705.55827298181,651.222550785941,366,34.7400689440051,0
231.311723324432,1988.62036410192,153,4.57942500229975,11
1241.92785662721,1782.52753867764,21,16.4417285917633,2
10.8639738987248,1673.49718357593,150,10.4323696332643,10
1457.7558495533,963.662086815424,222,3.05704575941047,0
1701.76467560443,1538.01311625038,98,16.6358266384369,7
1388.05584219999,1777.80062621025,298,14.1310946321357,0
1390.99612404984,1196.44152771242,81,11.3507737012143,6
489.397359917022,539.214530011384,364,5.15919810398188,0
1743.99942460764,1577.39017876611,95,13.2937311660426,7
176.24192049729,419.839941284441,163,30.8501719431102,13
1396.13537892968,1151.58074943214,84,6.79610474137755,6
1580.01594880311,1314.74452100913,287,19.8169534371255,0
535.247056660475,721.347052335074,40,18.123341814342,3
733.005663585551,1938.3538938896,232,29.0307166370954,0
1414.29119745667,440.160340366108,2,33.6547683273842,1
