"","","moleculeClusterIndex"
436.292458694426,206.955118088744,1
312.613562572014,254.935164703137,1
379.556942884747,245.198279240353,1
302.151574942037,258.700698088345,1
242.544568457928,261.572215712488,1
263.571003594719,249.160789691954,1
208.638542455831,232.809941991919,1
338.813784301973,224.985904837791,1
205.860202264828,269.659636351596,1
435.569899647987,237.37692891646,1
118.996473825968,280.511402529559,1
216.427024760346,272.08715383,1
328.269589860802,242.662911556594,1
243.639276737318,244.678168956681,1
342.879014645869,234.393732646238,1
188.46689019973,274.114819320172,1
362.753021215613,236.086139236129,1
339.353692392188,249.001675510214,1
242.097037105609,236.081893223941,1
340.398866305543,232.686004364674,1
392.023981591152,252.264044355936,1
375.344500129521,216.59494149798,1
308.087040260975,231.9527675141,1
340.13099735059,250.401320546504,1
234.188501003313,252.772769153001,1
270.902709600224,253.570032123753,1
463.973216938687,238.571903838005,1
461.721479839256,215.086827156932,1
241.713662649555,259.657850528429,1
359.001949754365,241.600795318634,1
342.383905805241,263.234002185812,1
414.562473212806,255.966282257014,1
390.000846930292,241.281260391099,1
410.855369561185,233.806935673497,1
318.464654123923,242.582305952549,1
257.332170838646,289.522620769213,1
173.693125328729,306.113615588505,1
298.969779050413,245.403057769012,1
435.159865010464,234.012634235469,1
409.409366776338,226.801869078247,1
303.912539752618,259.353049498578,1
311.958507513831,234.515841374726,1
317.237022514049,235.642225876385,1
193.507774868865,239.973357632941,1
127.661374447862,285.286890566288,1
340.023752561141,241.462821423832,1
153.761701246562,273.363404290192,1
401.541060995555,231.81754347467,1
428.537940785486,234.564911279021,1
263.817424396349,290.163143061752,1
891.783841898661,1378.99654703273,2
884.426583322207,1357.07194370194,2
1039.11907942034,1269.8329267026,2
881.126137160785,1384.51000558588,2
996.33658432732,1333.3229190573,2
989.331836394957,1314.62270746697,2
990.868720104419,1329.29067794384,2
1028.40792900939,1281.32649146413,2
992.487681673727,1322.83294702841,2
871.959769880108,1387.38196797491,2
882.170649128827,1413.66709871038,2
860.660960905703,1364.48512453599,2
978.930922157494,1299.87497182134,2
982.938168926014,1296.78155836696,2
848.505947759056,1364.30122778427,2
987.169523546028,1285.56433844158,2
887.057499473251,1370.57962198876,2
823.934862769715,1376.88552405721,2
938.351818120806,1322.21345476859,2
894.414985494997,1361.40162174192,2
979.434269254951,1306.51049722815,2
978.54992226258,1318.75276111649,2
896.087567505093,1346.78739976748,2
898.506170725564,1373.16834482499,2
885.520094387174,1357.90722943238,2
945.390856522498,1313.06568736316,2
953.602713930136,1297.24498389703,2
949.36874873115,1336.3416742026,2
968.991259888528,1303.22559625796,2
843.222636675375,1377.015462875,2
895.914469170532,1358.25986313309,2
947.327028903593,1329.45901627264,2
892.957236815843,1335.98354225878,2
807.131834337695,1432.33117439819,2
979.995291627214,1315.51699171905,2
991.693029795853,1302.78896113063,2
955.63461396506,1309.51784625641,2
894.234694690696,1384.68674469572,2
928.78990464024,1331.67569605312,2
922.184521304939,1318.75260593928,2
892.554679891753,1355.32918660491,2
908.115578219869,1354.52071988805,2
907.952941366057,1356.91607828322,2
824.293037944138,1374.64648019861,2
1047.23564623489,1282.34490739003,2
958.034820826042,1313.0529224523,2
959.037353767774,1324.76561527521,2
876.484952977024,1386.29271169973,2
979.659557353963,1316.09279098533,2
982.15553327324,1300.17221852509,2
1931.19961584565,194.701055505817,3
1891.14790671633,268.716899990449,3
1733.08356227514,457.248942871043,3
1892.64280614407,233.1291416997,3
1785.63293554284,375.589441239035,3
1847.07369497363,343.146609176936,3
1826.13239064066,346.520384102557,3
1796.61885504643,333.618496803358,3
1896.25237549891,244.739262259379,3
1893.90195308597,269.955312037182,3
1823.85504258361,355.586934935784,3
1883.45915700793,277.508982658977,3
1829.69622494875,338.782942792941,3
1847.47581262005,268.53062303691,3
1887.50901891247,257.940449465691,3
1900.32604382464,261.286862342483,3
1897.50683179562,222.339174859918,3
1914.56426774359,232.067291431873,3
1834.44452370564,316.063884489452,3
1867.60714864293,280.626220652926,3
1872.93958727528,297.199494042775,3
1944.79232319888,227.812915849656,3
1855.81086712949,276.083997566988,3
1795.21089140107,371.738863768784,3
1917.12511712088,248.592145772277,3
1867.0403148756,261.376798899866,3
1835.46358116727,333.178606116236,3
1932.71249478352,213.613964282156,3
1753.3138729943,419.173136997304,3
1952.06047201757,165.72212602806,3
1864.20733407754,295.919776458143,3
1875.47568518369,272.063598592284,3
1863.43125981872,331.698708394104,3
1857.56050083828,259.345775309287,3
1875.27712831199,259.254878889902,3
1841.92732621861,327.747148144563,3
1944.59951219152,215.004669228072,3
1867.70044446256,334.25184596422,3
1879.76828509866,249.884622847475,3
1843.74206711048,337.436561744515,3
1924.99330147855,225.613358095852,3
1837.98386623499,331.847811351857,3
1908.06808191496,232.224745910799,3
1826.91711780756,356.084814451169,3
1858.70807141168,302.102126396448,3
1845.36030748883,291.481247163927,3
1767.58496142224,415.940681834974,3
1832.46514952215,328.385333856524,3
1837.37608976181,323.648438440826,3
1913.63990151305,204.952067506896,3
1521.30623273308,619.770418122956,4
1602.928730481,653.85693084297,4
1513.43244570047,604.441129876897,4
1573.35904736444,659.965227654019,4
1530.40041898092,613.976322934713,4
1666.2591752964,689.506259175942,4
1545.49947925269,610.398737739039,4
1624.79817752848,666.453318724264,4
1541.01688324847,633.110273172472,4
1701.8997540374,682.657771374403,4
1655.27470465269,680.527529223062,4
1683.11299151437,688.612227877854,4
1546.15200783537,636.614983158585,4
1499.50489969032,593.296219067662,4
1570.65919758195,650.878040684582,4
1539.51815804131,597.923793411966,4
1588.74321920493,609.846751577459,4
1609.16953936697,657.370301705138,4
1619.15538707425,673.600046644302,4
1661.95137165284,705.129190456435,4
1562.15699901245,662.173287607541,4
1561.02820263538,636.521705643714,4
1580.83326272981,654.287339190219,4
1575.61104775485,612.665277891845,4
1617.47560750767,648.706103624574,4
1479.53290859892,582.270262311995,4
1596.55433720234,640.230818875325,4
1565.8940429195,643.776127895348,4
1686.2801977774,707.183428930787,4
1616.87112695,641.746239252117,4
1662.90148064564,681.496814050924,4
1648.70876386697,689.117344246907,4
1538.20792525646,613.743038793478,4
1552.37356835158,621.173003942419,4
1583.34194349696,651.990920765479,4
1662.24886279702,678.287549210156,4
1652.26433510496,673.892776661117,4
1686.10663454845,691.766068272881,4
1609.03724042626,646.977140381952,4
1607.85719398787,646.648172887188,4
1509.96314517736,616.894087591061,4
1553.48256399311,589.302802185276,4
1648.06404248402,637.553971416301,4
1566.78309864368,620.803670350472,4
1534.43940181903,620.063380510152,4
1511.12398163415,589.850888159216,4
1627.94151945895,661.818090662199,4
1631.81351901778,668.552784201034,4
1668.79959583843,678.899423813532,4
1605.41265539195,674.828094143881,4
1567.19648464344,739.951127133712,5
1556.10266613261,751.498155841984,5
1633.29432801319,782.269769052214,5
1678.41506051065,822.446680966216,5
1625.66941636468,702.906202186018,5
1499.20542323759,721.208971501299,5
1565.27962545595,718.956493198843,5
1617.18114731169,765.112352788405,5
1548.73193324663,744.806145067402,5
1695.50751618323,803.099168160497,5
1511.33266396358,726.855222631577,5
1517.87437775454,708.345353398199,5
1630.59865779875,780.851293513162,5
1520.29625782971,741.368826635372,5
1571.59566725208,755.612563404902,5
1608.96548421957,794.10600176418,5
1530.77167108926,725.283913634737,5
1529.47727349037,725.749257562037,5
1650.26998763375,805.364849864285,5
1424.87202361393,660.218202641518,5
1462.47252567612,680.278907330713,5
1623.74762702756,761.617146772634,5
1660.61514308317,798.49420983801,5
1682.54614968586,817.075562323157,5
1591.50629732453,776.517550423832,5
1671.74836093711,793.052588333257,5
1707.64618376175,798.097859813629,5
1566.79037636999,764.436097580583,5
1629.82905477128,805.01763927164,5
1598.91371955488,776.934845608813,5
1493.21298783675,714.290128270044,5
1429.84652210937,687.481815031927,5
1642.97112548553,776.722904584572,5
1491.04692498198,689.398948498203,5
1534.51080426287,733.700375799946,5
1517.70380103101,709.641199146253,5
1547.29526053561,750.091079982557,5
1548.34405540375,746.144970086817,5
1399.64291116587,666.716625695203,5
1426.705466518,651.884831357278,5
1498.25097194848,690.92577463149,5
1540.62061049261,742.928599138648,5
1698.8084625864,812.202364879408,5
1505.54658244683,712.882046267097,5
1465.61493565315,697.199124512834,5
1663.95086210691,787.678490017114,5
1477.01443652534,668.019741253383,5
1656.17332657822,786.212202166919,5
1616.60673209719,761.582237820893,5
1652.92713760022,789.374191295041,5
1043.42746409589,32.5059581782831,6
1045.65237751645,82.4213984199385,6
1054.07444748304,193.560502501625,6
1056.65305418538,189.030940462407,6
1043.13283040497,187.353639240993,6
1052.78660297318,228.842509773759,6
1054.80839502845,249.212751367247,6
1045.17875371904,118.72599605457,6
1046.09995924968,9.91690925247946,6
1051.16172875302,116.67279209825,6
1060.75847408952,174.166356300082,6
1069.43617817806,238.742401056312,6
1050.80032588825,206.948154472529,6
1057.42172851708,11.0244046317738,6
1050.18425972412,94.815014707058,6
1068.13754773981,176.528144049816,6
1029.61247833465,140.728747388412,6
1057.25493851275,224.61549580254,6
1042.66693562277,303.93956012049,6
1046.01458956042,137.174905062943,6
1038.75304028601,131.491880134536,6
1057.03709583392,335.318299707737,6
1057.57790631456,172.049318106642,6
1042.08030412631,139.265035673424,6
1052.63099536248,48.189837572846,6
1018.02352731687,153.574189393241,6
1022.1657170182,270.692244664443,6
1073.72761739346,220.211404345553,6
1069.87165930652,214.055539351823,6
1041.1383835671,97.7754517379672,6
1060.39344009075,123.962493484873,6
1038.65361021677,82.8396136468351,6
1044.79959028338,126.770383395049,6
1070.51484869644,225.687298747799,6
1067.21613887358,216.206854144077,6
1033.41348791264,168.263659694088,6
1045.75434975602,176.01815779386,6
1038.20964762294,162.385055061928,6
1030.22015377622,265.289613300445,6
1033.91441299882,279.318732276904,6
1053.83595100381,142.097132243711,6
1037.66674230679,72.7839056302976,6
1043.63968278306,87.895985962461,6
1052.88616141953,230.636517854564,6
1072.14454938008,151.305535901014,6
1035.83177567721,196.19026239369,6
1040.47968615808,148.969658485022,6
1045.76610492912,126.160813900074,6
1050.7063540576,209.305210015644,6
1038.74298218303,208.826713664714,6
179.995974664089,1822.32000009627,7
92.8547932791699,1767.61169224173,7
166.969355822171,1818.98712522034,7
69.1691521803014,1784.23568740624,7
170.660432442922,1830.40440115585,7
266.413690434145,1844.3081873392,7
103.648876220895,1787.66481513096,7
120.47712451417,1816.23399259602,7
194.448426719581,1818.51276917609,7
144.129185004741,1810.92629397551,7
158.445431725879,1809.79342028467,7
90.3467249773502,1780.71672838979,7
155.036066830905,1807.51890311059,7
213.976463498371,1842.08734138718,7
235.603820140958,1880.38235680004,7
110.596979454119,1833.74705329273,7
224.302421756841,1822.05296430134,7
188.554397505174,1832.53794426383,7
5.38027273082886,1762.69125469344,7
142.649543171932,1803.00855047055,7
121.1983782768,1801.17727917983,7
45.2806173600927,1782.02382762571,7
152.681608887978,1840.1458805788,7
157.219547224187,1812.17540400414,7
275.402702870131,1829.14665720356,7
-43.6020982243732,1749.30206225787,7
161.240788906895,1835.80023581249,7
199.964142353181,1842.41832815521,7
129.701476823669,1799.5202509295,7
385.411689741033,1877.79531499229,7
168.727505353188,1810.15083680127,7
206.507767064203,1830.58941273465,7
177.89362893024,1823.42095786736,7
172.65579041517,1839.17223998382,7
105.613428959966,1777.13047334054,7
197.064862726429,1802.58103060446,7
233.7748630556,1848.68082450558,7
237.579317285328,1829.67186924522,7
28.6113792570889,1768.64869520939,7
86.2936521552809,1811.96794035148,7
224.205634706209,1850.38543760723,7
137.139079367663,1796.94109029381,7
181.531908319547,1813.19091928053,7
175.923328432064,1800.66322225455,7
162.867525530608,1808.48502792869,7
52.5229579006664,1773.90883656425,7
224.587901875611,1811.80317444158,7
49.8955077685184,1774.40570189026,7
99.7450246416623,1810.07274701848,7
357.650420072622,1899.70276193685,7
252.726517411615,1072.48555800509,8
343.897878434495,1060.05656253,8
93.3419306902136,1045.4359295325,8
241.896577804398,1054.61135879979,8
243.287328837419,1059.31872164154,8
260.823960779464,1069.0958935018,8
281.615258212841,1053.8520353968,8
321.965308139919,1059.89102451589,8
286.587586858104,1063.48685438496,8
170.497252189155,1060.36317619462,8
251.624069510998,1061.23224789665,8
287.024484142004,1042.64529814815,8
324.517384208474,1066.19174750485,8
141.32465153722,1039.14023894334,8
244.978329147952,1047.82161048765,8
205.145010289212,1053.13298097145,8
184.770345877194,1067.77390721705,8
271.415849869392,1077.83273298773,8
228.864364591034,1055.88579389855,8
312.980706615701,1063.49904758849,8
317.382611660153,1073.21927433615,8
278.490136867559,1078.60104554771,8
323.17437838865,1051.61886361698,8
259.422490491597,1056.42322776775,8
119.453703176579,1054.28316777835,8
359.990726178968,1062.94565056441,8
78.8676685524815,1031.1482316061,8
140.106441007646,1059.52019339168,8
114.838612316886,1053.61717964198,8
150.926945915084,1084.78041978259,8
273.382555211868,1069.18244917158,8
176.201515590693,1045.71232331781,8
250.808620834015,1048.00699627311,8
263.819864469585,1046.64419563054,8
378.701145335512,1057.49565200129,8
50.3740917749053,1032.09622395303,8
215.775259989608,1054.88546965661,8
238.688635333863,1064.40754367828,8
428.548105214679,1084.57342942199,8
80.1311666160187,1027.31782755788,8
315.378986821411,1064.14348394945,8
33.935710057174,1013.70791287667,8
203.319333422151,1050.891568346,8
324.316691669161,1061.40501865991,8
307.369481009218,1028.26102979065,8
223.182410020653,1070.98279870183,8
216.243566100516,1046.61712014258,8
209.986969955643,1075.19828998751,8
279.917967788232,1074.63029844172,8
254.80740370025,1074.37865973146,8
1306.75653779423,419.150665700026,9
1289.20488154378,445.106207428795,9
1354.29034193239,350.005121661081,9
1313.58447787397,414.468142010921,9
1410.20790709139,330.477273200338,9
1287.7500711853,477.396160091791,9
1374.89488639074,300.187298611627,9
1339.31188951279,364.900523646414,9
1276.52735598563,429.908584524201,9
1369.7056962186,305.182882216669,9
1272.55364896254,441.713145333156,9
1171.06562472908,575.570540531838,9
1461.75820647741,183.15577081006,9
1457.23229428817,174.978461794899,9
1431.50849313266,253.501486694541,9
1367.75957041777,309.507295815347,9
1291.85675605003,453.470118082641,9
1311.24857015183,378.87914968747,9
1332.60862360959,410.949143265731,9
1333.44017045824,352.838085884322,9
1327.24288497746,379.998079848705,9
1370.58717321972,344.290720298204,9
1344.91707666896,380.799992217318,9
1365.95266510322,329.591983955289,9
1327.1477928149,381.406514026881,9
1355.08601351119,342.512467504623,9
1322.51907813456,436.735274563654,9
1306.61039217734,423.438887506959,9
1377.7657000697,347.789949239824,9
1443.3340756294,209.773324414058,9
1348.63989396162,323.671675740949,9
1294.77061184773,446.959193837504,9
1393.68992856697,280.870175512549,9
1371.9323585298,348.69803042385,9
1265.478747801,426.110672618677,9
1332.59537960788,365.492634604347,9
1346.45416627069,356.958998581295,9
1344.27453575235,361.385013363921,9
1258.36091320813,506.30503826456,9
1298.97085397647,429.462540150208,9
1420.07113782313,247.865064898163,9
1302.5440347816,453.679002965111,9
1290.0157651548,455.35261995,9
1266.28917129414,479.188650139774,9
1357.91024449983,307.90945605695,9
1387.5776004451,321.58860963764,9
1329.26325702876,415.307544605079,9
1338.01386850352,418.991727783628,9
1235.31401877385,491.856870388097,9
1358.33796947998,340.101717944359,9
1330.67279752293,888.780693999663,10
1373.20604403795,873.447987794767,10
1391.40451949067,885.879789957941,10
1303.62247272589,901.174430705789,10
1326.86903090858,901.762006332767,10
1276.53543495235,904.595877659928,10
1383.84824809563,834.525331308831,10
1412.71926855287,837.150481747674,10
1282.9721383683,931.436698566361,10
1269.30657050275,895.872470507541,10
1288.57832630197,915.456805387171,10
1391.04948027666,880.046212616275,10
1349.21248906555,890.616714016724,10
1446.25995970022,851.923407823009,10
1398.08388541208,883.119163390894,10
1306.04322533308,879.51795303542,10
1381.98218686378,881.499972934512,10
1348.48183631569,874.266690378246,10
1245.45418227609,905.348139674321,10
1335.57294501042,867.051927094951,10
1366.71395002876,860.238530250282,10
1361.5273468366,891.3288190567,10
1309.61792715364,898.784723038806,10
1172.19014047277,943.419528014141,10
1407.80098670905,859.355982699962,10
1281.37117436413,913.761742635857,10
1322.7627291431,883.104395792648,10
1385.94368666018,873.121804508093,10
1277.46424241052,907.703281386628,10
1348.89328291206,887.014434651048,10
1292.11500564789,902.613397064876,10
1291.00375207305,882.175559975339,10
1444.75937489332,865.954290633506,10
1474.46146265194,832.96059724849,10
1384.94181809754,877.559929558359,10
1439.33516205443,862.531525481784,10
1376.6945002916,886.66508494191,10
1353.71223937933,874.104177181476,10
1343.46977280346,899.347358642082,10
1211.66069285771,923.430548148872,10
1389.71320801214,878.50570748056,10
1252.60492594596,900.85605849268,10
1413.66219337311,875.463033798062,10
1376.72428673005,908.92479897393,10
1411.83399382427,850.616020247544,10
1365.03359248782,868.804761141948,10
1409.55486963668,863.546729076712,10
1349.49736205413,895.416628153043,10
1372.37312414544,885.058385647133,10
1421.35753872666,838.936551903613,10
1801.43591751772,696.353463457931,11
1778.19938800639,711.970722816442,11
1767.86282005543,707.01612322601,11
1674.94968463741,651.042903162561,11
1787.06648913235,725.458446387947,11
1657.73417992609,650.550576626619,11
1780.69691156434,696.028104269888,11
1737.10764678261,652.131336270894,11
1782.92112173712,739.070083794957,11
1816.07072923667,721.735187817362,11
1763.02973528837,731.064220356767,11
1606.36406625022,635.424201334138,11
1760.94001513666,699.497617788748,11
1778.29720105829,723.737644135787,11
1712.9145131916,667.720806985393,11
1724.6506641617,696.141150215341,11
1815.37459351326,769.431841884805,11
1783.07496813528,724.780259746648,11
1634.74332987214,661.633800279231,11
1646.50485166595,631.307138256641,11
1696.20065876163,672.982648531696,11
1717.56904023531,702.855774864679,11
1655.91598742558,640.204109266998,11
1697.57907712059,674.304009259607,11
1684.38832943242,660.29918385837,11
1747.53785094701,702.834879722202,11
1739.6552339835,712.791250835434,11
1741.78433176172,693.786363291143,11
1618.75524755722,617.863652970328,11
1571.01068504448,598.924538882289,11
1742.78883312539,705.520100061006,11
1648.46409844511,632.044246004848,11
1755.59322736793,725.869739695398,11
1867.05541673554,759.920571431653,11
1741.5404448149,694.007913944684,11
1780.29339310735,734.123886572236,11
1653.89384776855,628.389925882703,11
1849.25198751117,743.91621307909,11
1713.05456733211,676.196626448804,11
1791.50407960437,737.67079820692,11
1676.48527437253,659.266237073822,11
1795.11731709859,727.211974844496,11
1767.89927633135,724.37268859268,11
1661.49557919104,633.392889030575,11
1723.61524448303,663.181540062229,11
1695.71926446221,653.21053350766,11
1791.39155350675,734.326937219502,11
1727.25995016697,682.168683029906,11
1760.73716725224,718.722362773746,11
1694.61541105677,671.18105594743,11
512.324449702229,865.634729311598,12
438.499405987022,835.3132225743,12
424.179533261651,870.841132266516,12
435.031634248202,844.04831684037,12
405.047561990232,826.096657490518,12
397.678666741932,822.27754556752,12
550.606768693062,880.996152107443,12
508.92401096809,863.946959853708,12
414.381420603847,866.405573599882,12
456.38424349863,862.035217592918,12
485.892839056676,865.38483920397,12
621.258770807077,864.73716911633,12
353.094461111737,822.923510808821,12
439.875755594571,848.834627000164,12
428.346981075553,836.913336740581,12
490.866157430934,877.504391234858,12
419.217836222042,863.794666982633,12
527.595979097002,884.26048489713,12
376.20540662921,829.402321599555,12
423.951643409308,849.186784479024,12
471.902680245898,860.315726240793,12
368.473702430302,829.503748615395,12
469.331258851904,872.947287799471,12
421.427296069333,871.742773904694,12
410.000833286209,806.471033759004,12
521.81702332264,876.351353548201,12
380.055704307923,844.22602499498,12
404.947207887707,825.322013832241,12
430.18289661499,874.807189154057,12
467.970412012731,864.626285945905,12
527.653912201596,904.743513258588,12
453.528841180348,862.618946002877,12
666.994854565599,923.133867877378,12
365.55265201585,826.807672434263,12
559.252987071446,887.563721480571,12
377.713632669667,816.987770967024,12
607.735009303338,914.543461397138,12
352.807112445518,822.798496007031,12
378.159777773895,844.809517590202,12
416.376149881711,854.806182557703,12
496.232727540261,849.163141841749,12
489.009417245614,882.154367999158,12
499.143918483104,858.842667838229,12
503.295919913274,882.035344359898,12
589.901706304461,900.077633047432,12
483.867222701525,845.046380556378,12
522.036222928513,870.97643379656,12
362.758819733837,849.586505703719,12
397.407813056852,810.789727905689,12
552.627310095452,883.455040593647,12
1786.80757548355,1074.24561940056,13
1806.35470143492,917.454249960731,13
1802.1490818626,1055.5801249208,13
1777.52594566765,1079.85991261406,13
1776.2849260935,1109.42040684494,13
1788.56422661114,1036.37212570363,13
1790.46692524591,920.82905399765,13
1779.05387661425,1010.03476527955,13
1792.89813679868,989.290065498727,13
1763.95139417495,1094.81170733929,13
1798.38968731977,814.657414473249,13
1776.62437815665,1040.37558903305,13
1767.75687151577,1011.46286597572,13
1797.14173038211,997.300683494282,13
1765.55855849237,953.931441028034,13
1785.66175737471,1014.61880523477,13
1810.37200240158,958.666652726027,13
1766.3271294425,1127.02603838289,13
1786.93314215942,993.640005009632,13
1771.90212903397,988.99838729359,13
1786.30247852662,992.531827496985,13
1798.1372001828,786.712101788638,13
1771.3873436321,942.456300903437,13
1786.84402367819,1015.97337760169,13
1741.67188521397,1159.0651739237,13
1778.29461203933,1013.62502211011,13
1797.09089198779,1015.71652392778,13
1765.72589494594,1026.5813461194,13
1777.68644032629,1019.85058488624,13
1784.06603863078,1015.99117240836,13
1758.70399506221,1034.66631712887,13
1795.79943159576,1050.67962868258,13
1804.77550662974,1016.51714336584,13
1797.00181919601,1000.53282091108,13
1749.0806747689,1110.7760214072,13
1782.32852398167,1047.26794679985,13
1777.96204240414,1085.06985142393,13
1787.50005717036,1045.54400804626,13
1808.67130233999,923.098964289365,13
1771.70210883846,991.332728501183,13
1797.43328110322,900.466858392596,13
1800.76203102119,946.38178190321,13
1782.50720445282,961.111132984276,13
1760.49991828443,1059.44850840902,13
1786.50803361882,1048.03092385656,13
1790.56411247082,1014.34394002772,13
1776.76137884562,1011.58161592013,13
1762.31224636195,1083.19254448738,13
1775.03453220492,1128.02377202361,13
1783.98180664125,999.218199665537,13
1126.21238310138,232.927045279862,14
1168.07955738397,127.209056679685,14
1137.6414641485,168.006739976188,14
1140.34330772211,189.062593782278,14
1121.5885183907,179.409239267016,14
1115.43470379327,383.755253757488,14
1147.91950633688,199.431209912145,14
1148.95274092777,244.785651623665,14
1137.94540173703,170.341552141236,14
1140.98655318042,118.415236402556,14
1110.32114079836,316.111846337436,14
1108.50211402733,307.304191634922,14
1150.33897940179,237.850683337931,14
1141.6693120304,223.247499691526,14
1157.99828208853,154.790756440052,14
1181.24761866937,142.161767966792,14
1161.84524495024,198.8757271113,14
1113.4924691759,237.485284243527,14
1130.87602038518,138.683240949392,14
1138.42439693723,249.398830582362,14
1109.09112717215,215.777634985872,14
1101.47409288116,155.667543222185,14
1136.50621666235,182.165503505295,14
1115.8927073135,212.581436805577,14
1138.84046570082,243.386160816582,14
1151.73614313128,110.696422873952,14
1137.43122740727,198.447892413707,14
1152.22859065013,344.579024125021,14
1155.29834985441,124.002158824286,14
1122.78178814098,394.384316894939,14
1133.07500705353,137.155994392481,14
1117.63109088002,241.932494586874,14
1158.20055461725,204.69342960415,14
1154.34305248006,206.994433043972,14
1132.4791766426,256.308330503486,14
1179.33679758113,167.092945843158,14
1141.58247498197,197.098133988781,14
1144.12662786014,297.382623046477,14
1133.27999418695,218.021005771662,14
1127.39110366294,224.166961065491,14
1140.66170007013,104.212789391599,14
1145.01423039067,59.4226457717738,14
1131.22110230371,251.664862450445,14
1133.75563564692,113.34346007169,14
1144.14321596318,316.424390129942,14
1127.6833902417,59.8176065121334,14
1100.71896960725,312.024460073712,14
1113.80363302291,183.510875534845,14
1134.89983986406,211.447686962991,14
1123.33655529137,204.097903748064,14
1006.76351982245,1868.41505408394,15
1010.62502895439,1865.43632143997,15
963.226830163914,1923.32460732222,15
920.001105133398,1984.72575756289,15
944.712507390452,1945.10560999852,15
969.477713452581,1870.89872116211,15
964.168708597736,1874.28490696553,15
953.888082531296,1951.07455990428,15
954.348969987484,1953.12079192614,15
1005.79261746964,1856.72681322641,15
993.447884850318,1862.22269754551,15
1048.87243549512,1814.66173967015,15
957.76053031063,1907.4286152112,15
1002.69515712,1857.87940935121,15
960.056126014666,1909.83882789119,15
979.858317767756,1890.79579973514,15
1033.71245260147,1819.6140283287,15
977.324278005064,1906.84968458915,15
1010.39899342344,1841.89892508107,15
1061.05354518338,1785.14627283905,15
978.877271466411,1934.98615100364,15
985.038780292047,1881.79338163364,15
1025.85069602874,1835.36683817077,15
1003.89234836443,1873.93447312825,15
949.033063027982,1948.59945318713,15
1078.71500637267,1765.50379435555,15
1016.92387846112,1832.73781003532,15
892.832755324844,2065.40287252043,15
1033.71507920789,1832.96051884382,15
1075.00730391935,1731.79309723503,15
985.641290027571,1846.09525568568,15
988.922445152643,1898.30078799849,15
973.475155753006,1935.15913149865,15
1049.41694751539,1843.70804671769,15
906.965728823002,1973.50030936942,15
953.591313043917,1926.92887372003,15
959.616788017677,1934.45425468976,15
1013.18647813567,1805.34716518994,15
955.043821216892,1906.22821079802,15
1067.65892058574,1749.70953498681,15
950.446543065729,1885.04969721917,15
1011.17314422626,1878.42371731533,15
966.037190980313,1914.7884742166,15
963.835597116843,1885.11177370076,15
915.25384869483,2001.05754582981,15
932.006752892163,1971.22257438631,15
1026.29370782444,1836.23169020123,15
1023.78937957354,1841.04897890012,15
964.385095507088,1870.90775663229,15
905.923017579177,1994.68777333972,15
2011.01506994724,1126.04111850084,16
1987.11004288207,1242.83991892536,16
1976.27188459123,1259.40818389662,16
1983.6713915949,1238.19316868956,16
1933.63888662908,1265.69497099465,16
1953.45395633236,1258.41595737224,16
1869.13046296614,1396.36423561182,16
1971.08339189442,1254.9972358057,16
1992.34150162277,1192.88655154029,16
1957.43405956673,1201.35975524297,16
1927.28692418501,1303.92448996052,16
1934.97250625193,1312.31941784992,16
1949.55189232586,1252.7722444902,16
1934.5508112961,1304.06793063797,16
2009.65019777262,1192.5381417999,16
1881.22436176095,1343.03796157397,16
1991.18433049361,1154.66317144601,16
2026.1617368831,1159.12311075086,16
1992.75992301788,1201.3840048547,16
1975.79466573812,1224.09585965368,16
1961.32457527907,1242.31294082765,16
2013.44035453647,1117.54416429754,16
2005.95044567137,1192.17984852412,16
1939.14987061919,1306.21530976515,16
1943.22070488424,1279.97194380251,16
1921.62916375315,1330.44076984287,16
2018.04518490528,1172.09840793225,16
1966.88790750012,1240.72041152611,16
1878.46541805978,1376.27227244514,16
1918.20597877817,1331.69394534059,16
2005.15458191319,1159.2965348231,16
1967.139845044,1240.25695306072,16
2027.88966059398,1117.37802549461,16
1953.99360136651,1265.10763091793,16
1953.65072765968,1243.47750046938,16
2040.93059198238,1134.22154307719,16
1978.08772700589,1229.00403753793,16
1965.27456629209,1259.98155652364,16
2013.24343549466,1201.18713637675,16
1956.21714187364,1270.12861593265,16
1931.78974147203,1236.92369039027,16
1982.4452596478,1242.76225867456,16
2031.03201016686,1134.60907391896,16
1978.03427652714,1268.1011081368,16
1932.04005510391,1277.83818535181,16
1874.64509210271,1370.91531323828,16
1972.31985661216,1225.67687460045,16
2029.40766888488,1120.21587019809,16
2024.36606264776,1197.71530280401,16
1998.80476888301,1184.66574844236,16
1645.20857741009,588.798557989063,17
1664.45537440044,551.593774558743,17
1634.325047885,533.870345547963,17
1708.60283116576,632.308411398144,17
1647.95222322594,604.438772124183,17
1588.03308767599,504.010960560464,17
1594.59423390003,491.750706549368,17
1635.31881757131,564.995652494675,17
1645.64420561981,619.950251045065,17
1642.15999337197,568.522808593287,17
1628.36551946854,546.268753966451,17
1623.73998356249,541.12210737709,17
1606.76877297942,501.58842732846,17
1613.3167150004,516.836465738344,17
1626.92978487358,532.536365364999,17
1722.35599185052,638.853606050597,17
1666.32682641043,582.001065321801,17
1666.81663617878,640.022571202039,17
1592.48835978006,504.345043548164,17
1633.60108369956,537.898729154473,17
1743.11619841703,635.94645254233,17
1661.11991315471,562.161404134839,17
1681.08535526989,562.903110731031,17
1616.57339481566,532.754662409202,17
1679.46283962263,526.157120422621,17
1570.09782721972,482.79863679213,17
1563.4344654269,503.386259943029,17
1644.03598852434,565.154870088705,17
1664.32350041432,549.531866892346,17
1658.10583071237,576.493756528159,17
1652.42256837378,590.281551594037,17
1543.2323272932,478.201368284974,17
1601.5167124497,522.33403757415,17
1669.81457191348,604.350888889679,17
1658.34237553414,608.440986653293,17
1646.00904454118,586.229348934557,17
1689.66317484173,617.712539059011,17
1721.09239869099,624.855194777923,17
1586.80150023166,528.540995017284,17
1563.23123948872,495.082933400082,17
1699.01038865784,600.441547893172,17
1628.38271989517,508.643279715685,17
1686.0950580643,580.087684128712,17
1535.70665671232,456.001538111439,17
1742.43014042276,663.804096355005,17
1624.58304607157,559.0240947243,17
1648.17748837471,583.930633452048,17
1654.46507751534,584.712259669409,17
1614.39685418513,530.068564368485,17
1706.5357750212,625.560992858806,17
956.468271193927,727.612185523689,18
797.073901777834,683.858274423902,18
910.602240351419,700.936954756002,18
811.695127029712,703.733578928741,18
950.656180566555,713.47098989555,18
784.918705052421,667.207078334111,18
817.757096901225,661.947804227683,18
848.998487922349,691.27690298331,18
780.286500344287,675.519352323744,18
847.009554795271,688.308574353262,18
773.196963343288,660.034507533401,18
829.904067809279,680.08048251533,18
699.986414300117,637.847935588686,18
896.487672166034,703.545175856308,18
918.65711456953,705.19230775785,18
859.622568271663,709.659016737703,18
882.620412451987,695.637009139803,18
716.501286175978,636.267601863362,18
992.58358743629,715.606867088887,18
861.727746540601,716.324659419767,18
920.93474451929,719.6558306899,18
824.012940348352,695.475909668242,18
768.842418246258,658.771544279183,18
801.771370833827,680.676161102867,18
717.789529033276,624.927998791514,18
823.243255346447,694.524053823624,18
777.231346339274,685.71227239019,18
768.73943391861,679.71443867449,18
850.315066308758,695.272469884557,18
933.399490252321,713.55308991047,18
786.790464810342,663.481627486924,18
710.777876848558,660.32305925143,18
684.959391353932,642.632849201989,18
809.308326812002,669.254430958978,18
789.744786470202,704.306424943166,18
819.698931309432,687.336066135365,18
1001.66992279546,756.893654791982,18
944.914114111355,726.215124188163,18
913.323703783367,699.031465917142,18
880.660479817863,709.170260044833,18
756.08890671869,652.898971229093,18
973.824348784879,740.156020002632,18
853.971338913641,674.944224730952,18
797.459232970929,694.503803982328,18
849.962414192034,681.779189472102,18
679.64711478722,630.403408483356,18
946.855984992209,700.861572265544,18
782.557880661598,673.359092472141,18
912.245153292121,701.156693897026,18
927.75761408721,710.770535933843,18
639.092934170865,1013.77191958112,19
735.383698909191,1034.65961322886,19
686.811508168483,1004.76577659616,19
686.566832943012,1000.83921009929,19
765.637370600057,1101.20166317184,19
706.880962944618,988.132105652429,19
686.406839780961,1032.8580054466,19
647.776786438771,1007.59567833015,19
661.099893836017,1020.04967173098,19
571.942531510422,910.305687322756,19
645.060889685686,958.950549039846,19
698.91482147832,1023.53874762046,19
768.444494944418,1122.8900134385,19
617.117753024363,953.255399923205,19
676.917007409711,1017.81810483464,19
612.605349597985,959.094276580587,19
685.02139519207,1014.86194796689,19
736.242114932081,1077.96469823338,19
671.904161617045,1026.24473869952,19
710.861821813168,1044.02713739407,19
692.410739901082,1053.2523824193,19
677.143822663674,1002.21734835766,19
605.025331035261,946.12477261798,19
836.992119764211,1157.03932971529,19
719.536059180952,1073.45597458135,19
701.65541072264,1021.15368031683,19
742.598904989222,1096.79248051053,19
658.675950813695,1020.40532844339,19
697.870883900965,1020.01071735659,19
640.996870182357,959.601514922962,19
635.613231210168,991.95476672568,19
595.091219077463,915.135347536782,19
664.015963243673,1015.48789389559,19
722.213865629781,1030.00771353766,19
767.412243319666,1114.52953708168,19
715.481130166925,1090.16667317923,19
624.577099062744,938.103133928141,19
695.768034217073,1014.41488813618,19
727.506678252576,1083.94989510929,19
730.952382229897,1049.711328894,19
585.560561740134,938.315830013436,19
697.633626114396,1018.91896763323,19
659.330947153764,1018.62402238438,19
624.146211866701,924.898903671279,19
761.356221177387,1098.2858980304,19
710.500451130068,1024.24921901158,19
722.918240720199,1055.13585354918,19
556.281315394012,936.470618341445,19
773.488322399001,1083.83143869295,19
724.257785469312,1058.9600936201,19
43.9966233726203,554.17273151103,20
1.66808617672796,561.469091226649,20
33.2408827916133,655.22490418543,20
2.47654452125517,598.382793624922,20
24.0377584760731,698.634962846463,20
8.44719183303114,549.448230013609,20
8.19263446714121,596.513528652783,20
29.1969037661133,570.393594239099,20
31.2931897778304,679.316854088552,20
17.3277976616751,517.835781500497,20
-14.8718246892171,514.754959202256,20
15.3306269319232,520.876325978956,20
38.052607549542,580.736781837255,20
7.68925077037321,574.296840842736,20
10.8081165627232,495.263650371456,20
33.1766621178529,656.061133019788,20
-14.5722054665258,456.191007689403,20
20.1869693264053,640.695997505352,20
-0.596619258802129,565.144803172612,20
18.1220125360041,562.906787459541,20
23.3181080537073,611.987439676327,20
14.5538921983136,534.565572050498,20
14.9848468098933,512.920075042259,20
39.70306136177,624.274049055938,20
24.782603779693,576.582935397556,20
-4.53351061674295,486.624254074324,20
-3.57889209353502,501.187865098057,20
-6.39079907795161,558.143419992629,20
41.1314825461906,607.4459170168,20
-17.123276212735,429.212462075737,20
6.38846195356192,460.094783662158,20
41.7948658445423,635.175923278066,20
20.1295128035779,567.281159405303,20
26.358046250589,578.663428804942,20
35.9375224320511,624.031883438277,20
11.129922602762,581.306723654711,20
20.2506424308754,553.850154172425,20
-8.77674527656139,514.418081749019,20
28.1251154439515,671.96527280679,20
14.4320805676706,553.754122377886,20
46.2456608963757,629.984177326953,20
21.4201989368276,612.665645185606,20
14.7361911775838,529.871573330457,20
5.17681084618576,542.940171795294,20
-4.0963933568747,524.12698781558,20
-33.1613046410716,549.333996365351,20
9.02894633874038,507.85333705312,20
30.833996667213,576.138164536215,20
25.286144776123,618.6469143379,20
47.0907665743413,595.74282976165,20
97.1274669282138,1450.71041816846,0
1555.47645315528,851.305589545518,0
1237.79890453443,548.054846934974,0
404.851735103875,557.841558940709,0
1703.01229646429,1293.04788960144,0
138.230225071311,1827.00249459594,0
1780.87405627593,111.019027419388,0
1299.08334696665,1454.5277711004,0
906.183881219476,1316.18363456801,0
1146.99371531606,468.319094739854,0
1841.85909060761,825.370307080448,0
1409.99833634123,1505.09625626728,0
328.401637263596,1258.8618430309,0
1927.65306774527,1076.61618990824,0
1291.17572354153,1421.59803351387,0
1375.24612993002,368.8746355474,0
708.815451711416,108.440338168293,0
2.76567088440061,346.19749058038,0
590.807463508099,1008.29017860815,0
271.90456725657,816.468518693,0
1908.6777609773,776.556392200291,0
927.884082775563,1797.68486926332,0
1768.15859787166,1691.38612039387,0
1590.91347875074,626.621033996344,0
1974.61681161076,1540.93532077968,0
1195.88786782697,1713.7670009397,0
1107.74816572666,1254.6915425919,0
255.830020643771,1174.21899456531,0
1136.30772056058,909.801757428795,0
1125.70793135092,904.127111192793,0
204.482203815132,1997.81959364191,0
1210.35189647228,722.241775132716,0
553.11341304332,847.857538145036,0
1704.72926087677,158.811277709901,0
971.68983053416,1193.48887819797,0
1989.2873573117,1948.58574168757,0
447.198211681098,1936.86075601727,0
785.392258316278,1826.15739665926,0
243.23839135468,1899.3181893602,0
1511.06926146895,865.794322919101,0
894.820563029498,837.562834378332,0
886.957919690758,1512.39151274785,0
1169.03281817213,1307.67151387408,0
1417.92387887836,1740.71554513648,0
541.789383627474,1736.21834581718,0
1371.88011128455,303.170493803918,0
493.846505880356,1729.96207652614,0
555.093611590564,9.51292086392641,0
1295.31584633514,416.037071496248,0
8.2669984549284,1097.52401988953,0
716.69681603089,144.138761796057,0
1151.27066895366,78.2299437560141,0
1394.9222471565,1309.54580334947,0
584.788220468909,522.168670315295,0
924.132469110191,1837.25479664281,0
1680.94360642135,1235.8178938739,0
554.686520248652,867.470502853394,0
609.316585119814,1774.35809327289,0
265.143221709877,980.23073002696,0
1066.643408034,1637.10425142199,0
622.183392755687,1122.75532400236,0
458.909895271063,1202.03624619171,0
1458.41657556593,758.352071978152,0
784.687446430326,1648.51069124416,0
1663.08807209134,1628.37088201195,0
716.703336220235,1504.25523798913,0
1814.08545887098,1622.96969210729,0
1267.8493517451,71.7869163490832,0
530.662666540593,1136.49607868865,0
970.130026340485,993.508624378592,0
673.370307777077,0.0859200954437256,0
1173.04096277803,1144.35409475118,0
2.5090747512877,1014.22984153032,0
324.380428530276,292.4809968099,0
31.9509105756879,728.01031684503,0
1944.40723955631,1315.32735843211,0
312.880829442292,1946.93744089454,0
1109.58706820384,1362.25375812501,0
789.989951997995,962.764640338719,0
890.698480419815,1146.32308110595,0
419.608196709305,1412.35745092854,0
6.11896114423871,835.657990071923,0
1603.98526163772,975.347229279578,0
566.168815363199,1712.33954280615,0
1614.30729972199,1460.53220843896,0
842.65724522993,1125.26258500293,0
113.954667467624,961.204044520855,0
553.782745730132,706.63097454235,0
746.335722506046,1993.65420825779,0
947.254560887814,1847.93768124655,0
725.70305224508,507.741852663457,0
1622.22298048437,42.1620178967714,0
763.153424020857,107.120013330132,0
1427.57190577686,1867.47502349317,0
1933.78783995286,836.967424955219,0
184.489183593541,1130.86094241589,0
1910.96814861521,332.774855662137,0
148.645555600524,1750.21503539756,0
1998.27843531966,259.644600562751,0
530.820284970105,1833.51764362305,0
1014.4718340598,1270.74671303853,0
1206.80641243234,1865.03302538767,0
1486.89090460539,499.198692385107,0
915.450659580529,1127.10812035948,0
1588.61500304192,1703.69185693562,0
1364.93210773915,412.24578069523,0
821.458605583757,1018.78708088771,0
1762.99334131181,976.831445936114,0
1841.5512018837,40.4613041318953,0
1065.2411673218,579.67062946409,0
1389.78620665148,411.58044571057,0
1880.99652342498,969.338465947658,0
1511.76241412759,634.065832477063,0
752.011241856962,1778.41336978599,0
1725.25644302368,865.358779672533,0
498.603867832571,1494.92065375671,0
84.1327076777816,851.935346145183,0
1979.78611523286,251.002883538604,0
1869.62903290987,278.960610274225,0
1036.99538903311,1453.55440117419,0
1064.50726278126,1755.01376017928,0
1044.65300356969,222.992943134159,0
750.393675640225,800.460741855204,0
1941.82052183896,1546.54847551137,0
923.178772442043,1544.52889459208,0
1833.69269128889,1786.24586900696,0
1577.63453479856,49.8213241808116,0
799.784959759563,551.525219809264,0
1431.1842545867,1684.59319183603,0
1268.51189509034,1210.13267710805,0
1996.36394297704,1305.51531817764,0
1403.43478508294,942.204793449491,0
663.713820744306,1904.48969742283,0
632.065495010465,107.591748703271,0
1041.87171114609,452.471300028265,0
548.910207115114,764.89539956674,0
1390.33252419904,669.033703394234,0
481.621814891696,1759.47589147836,0
1494.09946287051,635.022050701082,0
1225.22687958553,676.807978190482,0
1765.41899703443,366.443742066622,0
376.570591237396,1747.6391652599,0
1263.45172058791,420.297607779503,0
767.318747472018,1078.79949128255,0
1366.59335158765,1277.25008735433,0
420.332658104599,713.461879175156,0
924.468320328742,545.603740029037,0
330.039957538247,1636.5074547939,0
506.931141484529,1502.54547270015,0
685.95229787752,1279.1326274164,0
139.70503071323,1495.3179191798,0
1178.88129595667,467.515281401575,0
1139.29711189121,1484.55151822418,0
772.621322888881,79.721306450665,0
574.510375037789,1359.17811468244,0
656.704241409898,470.041168853641,0
203.596756327897,988.089730963111,0
1572.4765448831,356.358540710062,0
971.702701412141,361.892535351217,0
80.2711751312017,960.082710254937,0
1450.15341229737,1404.79408903047,0
332.649583928287,1129.35148924589,0
466.153364162892,1237.00341908261,0
179.376575630158,196.212778799236,0
513.585041277111,49.1524334065616,0
1659.42988963798,1852.01949020848,0
225.732590537518,597.329682670534,0
1194.13655810058,1892.83176185563,0
948.344200383872,384.21529205516,0
1533.92465552315,755.577081348747,0
785.142468754202,379.468568135053,0
1761.78258936852,1660.28565214947,0
1668.66827057675,1938.55263851583,0
709.207728970796,1508.70948657393,0
831.530416850001,421.12200288102,0
254.308304749429,1064.32756129652,0
593.764789402485,1823.88119166717,0
1129.01333486661,1319.06080897897,0
90.1324492879212,39.2097607254982,0
1356.00165603682,1779.04571732506,0
1384.34264715761,1388.35860323161,0
1777.84913126379,861.571654677391,0
1142.36255502328,661.676629446447,0
286.814419087023,1120.55111536756,0
1072.89481116459,1770.82987874746,0
1849.64271774516,1709.06807109714,0
418.294510338455,1248.148299288,0
1095.4637019895,1444.05614957213,0
873.012489639223,1574.55357862636,0
223.58002467081,1446.92991068587,0
769.441767595708,723.52441214025,0
358.845937997103,1938.11823334545,0
1667.69806016237,1151.36362332851,0
541.259671095759,917.152490466833,0
892.809827812016,508.425137493759,0
1026.86249045655,22.0083547756076,0
247.925235424191,1007.84305110574,0
665.130148176104,891.857120674103,0
1267.96440500766,1624.61482640356,0
1734.89026771858,1983.37085451931,0
190.04525616765,263.818462379277,0
1272.06282969564,1911.78567148745,0
1778.94676662982,1569.44348104298,0
1216.81888354942,1910.59364471585,0
282.956776209176,407.749226782471,0
28.1809135340154,1943.49043630064,0
130.388482473791,1561.3698894158,0
1474.42150814459,219.493940472603,0
1306.48974655196,943.457846529782,0
1486.95280402899,1878.05932248011,0
664.647491648793,679.99062826857,0
449.305834714323,683.125134091824,0
1173.97022806108,204.647812526673,0
1889.28795885295,809.638621285558,0
623.927559703588,1554.63863676414,0
161.230469122529,215.604717843235,0
1970.30036477372,1177.72305896506,0
292.460261844099,1633.9422762394,0
961.337111424655,327.440599910915,0
1553.41194896027,1156.14276193082,0
1807.04033700749,869.663057848811,0
1316.32550247014,1963.31699704751,0
1844.07096030191,206.578699871898,0
84.9119029007852,421.731638722122,0
17.4787486903369,1824.82731761411,0
1854.53013889492,893.625099211931,0
55.8025077916682,270.549988374114,0
1254.27096011117,1932.14115640149,0
159.273003228009,318.107759580016,0
349.061672575772,678.258950822055,0
262.669071089476,1756.21404824778,0
926.816325169057,678.189327940345,0
1944.77457646281,1452.63758627698,0
1430.33172795549,141.436873935163,0
1615.56132184342,1434.55936806276,0
85.8884933404624,105.321676004678,0
30.9593132697046,1895.72049165145,0
1515.54159540683,546.972311567515,0
969.551005866379,1462.40204945207,0
1190.73746725917,140.916109550744,0
1894.67282267287,500.916229560971,0
194.673397578299,891.577294562012,0
255.39970677346,563.456194009632,0
261.188266333193,1259.65453824028,0
158.486398868263,653.016122058034,0
1356.20610276237,302.307318430394,0
737.035130616277,1512.57782662287,0
1650.11203987524,1156.4610498026,0
489.359384402633,1867.99781909212,0
1889.80007683858,1875.63562719151,0
1827.30060443282,1935.88136369362,0
857.095996383578,706.208305433393,0
372.353132348508,607.892762869596,0
1996.22711632401,527.306948322803,0
305.473159532994,656.689879484475,0
1985.6965825893,822.583451401442,0
429.698529653251,1988.26798098162,0
1147.91353000328,1490.31475931406,0
535.323799587786,912.195525597781,0
1466.32485138252,529.788584914058,0
1760.49962965772,1027.04679360613,0
207.684387918562,1168.22856431827,0
268.383619375527,540.076022967696,0
367.48971324414,1375.13092253357,0
1450.19888971001,1081.57772524282,0
1032.86341205239,233.813705388457,0
376.064707990736,1895.35306673497,0
75.9333889000118,1453.41647882015,0
1145.77618613839,610.865788999945,0
1419.23823859543,1836.22166514397,0
1262.20762124285,599.578596651554,0
174.002921208739,490.942883305252,0
987.940706312656,1900.64257290214,0
565.304530784488,350.010870955884,0
737.110151909292,775.584403425455,0
1179.11876365542,1368.26844653115,0
992.291338741779,1132.9821809195,0
1706.59098215401,1386.80371176451,0
349.16098928079,353.531528264284,0
1331.76167309284,1731.26784153283,0
1464.14219681174,1197.30419293046,0
1605.44491419569,326.728577725589,0
1754.89717815071,996.958596166223,0
323.646587785333,1377.42413301021,0
1092.92799746618,1671.21524224058,0
1006.59170141444,460.816461127251,0
772.76312885806,1168.06066222489,0
315.892449114472,1551.98953254148,0
973.254097159952,621.126988902688,0
3.79872741177678,512.18907861039,0
822.763902600855,1699.14782047272,0
1372.93845741078,239.442854188383,0
1257.65275163576,1315.63949305564,0
1754.60325786844,132.477346342057,0
1099.55964609981,995.741483289748,0
214.3410355784,1821.49243773893,0
825.425361748785,869.940541684628,0
1007.18341767788,703.853880055249,0
1270.93767328188,605.605161748827,0
1203.18383164704,565.79192308709,0
1180.53614906967,466.764061246067,0
1615.59758801013,194.797322619706,0
495.829469058663,1255.35601051524,0
15.6738683581352,573.949040379375,0
381.367713212967,474.424098152667,0
1131.64354022592,1088.41509651393,0
559.314841870219,1454.94794053957,0
525.077043101192,1963.50430976599,0
292.358993552625,22.4999701604247,0
264.468600973487,1403.90871465206,0
1801.21803469956,1141.40654727817,0
470.121219288558,1748.29282704741,0
1947.91211513802,1003.39745776728,0
1798.27147256583,1667.03433543444,0
1751.13769667223,1330.17694763839,0
1568.30847775564,220.581260509789,0
124.219706747681,1503.84593661875,0
564.901878125966,1362.71076416597,0
736.00672185421,1074.42374387756,0
1788.87094557285,1802.3106274195,0
1275.35210177302,730.99967604503,0
161.330971401185,1056.96600675583,0
1365.47625251114,198.210231494159,0
404.058102052659,1604.60520116612,0
716.349070426077,415.557757019997,0
87.7901492640376,1459.5567015931,0
401.142190210521,1995.56770222262,0
1396.39954734594,478.716508019716,0
1982.63926012442,1430.97085738555,0
248.138233087957,1376.80382514372,0
619.672709610313,1166.10208712518,0
1387.36212486401,1112.910205964,0
541.740665677935,952.231981325895,0
994.986718054861,1925.53618550301,0
1565.85413916036,1057.77549790218,0
83.1898893229663,1545.32353766263,0
899.865430779755,1909.52586662024,0
1927.54822643474,1569.72493370995,0
1253.11148026958,1668.89610653743,0
1334.01074633002,971.149979624897,0
1479.78440253064,939.117008354515,0
1492.66262166202,1278.6276973784,0
1856.84833070263,627.547046169639,0
560.521515551955,1759.90090379491,0
1573.10803141445,914.084244519472,0
1979.19196402654,1124.32939559221,0
1376.39478361234,183.786165900528,0
1791.1906177178,284.268071409315,0
1158.25603669509,1921.0972241126,0
154.721229802817,81.0367921367288,0
1699.56955499947,1615.41219800711,0
1362.10930487141,179.450819734484,0
1684.05765946954,159.658792894334,0
803.54909459129,1034.87709816545,0
413.769416045398,1429.91916416213,0
1853.7499345839,1379.19433321804,0
1842.45634684339,80.2514138631523,0
938.515545334667,1528.47583871335,0
1762.7836195752,1757.44196539745,0
633.398847654462,1361.96294100955,0
946.865754202008,1101.88387008384,0
1835.55679488927,1192.20647588372,0
1606.69682780281,876.298842485994,0
1532.688066829,629.010024480522,0
1793.77587465569,1397.12654333562,0
1213.49921356887,1133.63456213847,0
691.624359693378,1850.5578157492,0
1028.15557923168,527.952215634286,0
1969.11164093763,1770.79957630485,0
346.904270816594,6.34060334414244,0
1013.19912821054,1722.18379564583,0
1638.21252528578,12.7534614875913,0
1179.02923282236,403.357830364257,0
1687.16643983498,94.3159493617713,0
145.228825975209,1052.21972847357,0
1614.28248416632,782.831538002938,0
700.487311929464,1382.0521812886,0
1153.4162061289,793.991765938699,0
1368.72984096408,649.190067779273,0
366.540889721364,792.547520250082,0
895.213210955262,166.178940795362,0
571.70139066875,1854.79892138392,0
1662.53543365747,977.609437890351,0
1696.66715385392,1679.65439893305,0
1110.92094378546,484.268072526902,0
407.348420005292,511.589603964239,0
614.754233043641,1453.96738080308,0
1137.43866048753,1411.88446013257,0
469.656149391085,629.541880916804,0
1231.51998082176,1208.468941506,0
1909.98893929645,151.741276029497,0
364.008764736354,1716.25427156687,0
1679.9263744615,486.22688325122,0
1458.66311201826,110.106307547539,0
85.9286966733634,356.20538610965,0
931.058242917061,691.60264544189,0
1339.44166870788,1762.81926687807,0
1276.70110203326,929.22732187435,0
1349.63625157252,1984.34055317193,0
673.570873215795,1323.47423024476,0
1080.08479699492,193.342657294124,0
1121.12725479528,1023.64299679175,0
173.164493404329,1257.27993994951,0
127.97219119966,1839.69539450482,0
524.069330189377,1370.07178785279,0
691.102430224419,692.597833927721,0
1566.47469755262,257.583934813738,0
1997.44731932878,1897.10725331679,0
1770.60714224353,636.964349541813,0
379.146694671363,901.54827805236,0
159.390278626233,852.942201774567,0
84.8767808638513,594.719098415226,0
1173.51459478959,1456.41022734344,0
1810.68272748962,631.914935074747,0
432.789336889982,132.030370179564,0
813.781717792153,751.077376771718,0
1983.78747748211,1045.96951976418,0
1830.28252376243,1221.94854542613,0
1342.88619225845,962.304475717247,0
810.036755166948,535.305146127939,0
526.43883228302,1623.57299495488,0
140.432014130056,1717.98514854163,0
400.33075818792,1296.45061912015,0
1664.26678979769,1188.82422940806,0
1650.52152378485,783.719946630299,0
49.2497943341732,358.424223493785,0
1643.33232631907,1245.63746480271,0
667.374067939818,1667.85499174148,0
824.837939348072,579.210055992007,0
1372.23537312821,1233.54271519929,0
1148.26791081578,90.0761592201889,0
608.12069196254,1784.96916173026,0
372.585194185376,117.972897831351,0
1793.13740273938,1093.85036164895,0
30.7530811987817,66.4472389034927,0
874.391273129731,1052.49061016366,0
40.9356104210019,742.895022034645,0
1127.66472622752,1385.97288122401,0
1297.21711296588,967.862865887582,0
453.608291223645,57.59954219684,0
734.190486837178,421.274008695036,0
1436.73649057746,1571.17524929345,0
49.6645588427782,517.107093241066,0
1110.34348607063,942.586479708552,0
175.315448082983,123.214127030224,0
1730.12775043026,1824.78935131803,0
1527.92269410565,658.483313862234,0
233.410973567516,471.608138177544,0
233.610793948174,182.136504910886,0
901.927618775517,1622.75073118508,0
1441.65893271565,279.706161469221,0
1367.1563975513,1320.86939923465,0
1733.36597671732,1401.83570003137,0
1448.93118971959,1216.80831164122,0
766.10020827502,1915.73115205392,0
1996.30035087466,1632.49835930765,0
463.359661865979,1382.15655880049,0
1224.07544730231,1715.11426614597,0
220.600327476859,1245.68705866113,0
576.302541885525,361.652317456901,0
1081.28263428807,97.6070268079638,0
1619.74098114297,614.517797715962,0
96.6235245577991,2.53221625462174,0
98.2120344415307,369.267634116113,0
385.820828843862,1456.99565066025,0
1160.60669533908,1634.07792383805,0
1450.77352644876,199.578117579222,0
999.148301780224,1793.00902318209,0
601.546703837812,110.112742520869,0
1179.89180982113,655.421249102801,0
1336.01149404421,319.486469496042,0
621.052228845656,114.719398319721,0
1373.99258604273,1481.36234935373,0
1752.12162453681,1378.00736119971,0
1053.59627772123,1065.36182621494,0
900.411559734493,1886.08717592433,0
503.36952554062,760.71617519483,0
1039.30327156559,1950.96781849861,0
688.154805451632,453.930167015642,0
206.79851109162,1858.62513026223,0
1555.54311955348,881.43846206367,0
249.958505388349,1334.70172341913,0
617.903170641512,759.336236864328,0
1500.55090570822,1775.08588507771,0
1651.49922622368,1943.74193623662,0
1220.51277849823,1160.31654458493,0
1486.49185709655,741.752561647445,0
312.326457817107,1202.24791252986,0
1189.46404755116,852.186624426395,0
1401.61078376696,92.6224570721388,0
117.120871786028,665.447361301631,0
214.511186350137,130.718413274735,0
1991.79062899202,762.272655498236,0
80.5602571927011,1409.62474793196,0
1537.07335935906,1597.90769824758,0
1292.84867411479,164.32468034327,0
239.723505917937,1371.19691446424,0
1806.5332621336,60.584269464016,0
985.484458040446,558.376088738441,0
1562.59688688442,1550.32795853913,0
1599.29610788822,319.006979465485,0
1639.2830228433,809.684724546969,0
306.246910709888,1425.46298960224,0
1279.90282513201,790.266809985042,0
1499.76441450417,207.363158464432,0
10.0154811516404,629.916574340314,0
1108.06662868708,1257.23992241547,0
413.495742715895,145.229493267834,0
1846.78819868714,1403.58581906185,0
1461.80271403864,1430.08850840852,0
1000.60391798615,1671.03262292221,0
1091.69041505083,284.687558654696,0
93.6557054519653,589.845697861165,0
1499.76446153596,670.03007279709,0
1987.55002534017,1181.00161291659,0
1820.33094484359,639.245961327106,0
1204.20461287722,322.821971960366,0
209.340840112418,1682.11462954059,0
956.47500269115,227.652222849429,0
1185.86901202798,398.769472260028,0
1419.92352902889,1208.62593268976,0
1060.45195786282,1443.18034080788,0
1233.31246944144,229.450038168579,0
1249.53009141609,1573.25009070337,0
706.560312770307,967.820428311825,0
908.739423379302,1858.09235600755,0
1159.83933536336,1728.3249986358,0
1832.32168899849,1604.8811362125,0
104.745835065842,1472.28273097426,0
168.050124309957,1610.79961340874,0
1672.20817087218,950.145708862692,0
1732.60260792449,1628.05897416547,0
197.455660905689,1125.58996584266,0
1183.91656503081,1430.97307160497,0
1904.39470065758,1678.58289228752,0
59.523000381887,1044.20281900093,0
604.751960374415,1160.05766019225,0
775.06713848561,1852.13140025735,0
1202.14810688049,13.4103512391448,0
460.271893534809,440.875930245966,0
1874.11783868447,429.426099173725,0
1722.12251881137,1241.87454488128,0
1022.29168172926,1444.52290097252,0
619.920261669904,1947.53051875159,0
523.121684323996,356.151782441884,0
1452.12670648471,1549.18769467622,0
608.561483211815,1581.02525630966,0
115.523465443403,742.278587538749,0
511.073048226535,268.764869309962,0
288.959076628089,161.524119321257,0
1604.65511633083,1145.04520734772,0
1538.21970475838,581.958434078842,0
1774.55036249012,726.628871634603,0
464.759825728834,1578.99797521532,0
96.3351759128273,1246.1881688796,0
881.351502612233,393.519598525017,0
1545.75904272497,633.108195848763,0
322.930579073727,1686.13878916949,0
461.368206888437,283.131285570562,0
475.179007276893,1792.54664061591,0
1098.68516912684,479.720481671393,0
1762.05575000495,434.266828931868,0
750.16684550792,223.259762860835,0
938.261654227972,1495.961075183,0
383.930210955441,1282.33492048457,0
88.8243126682937,1669.63370610029,0
1037.46051853523,1387.63440493494,0
7.45765026658773,1810.71576150134,0
1867.28590913117,1244.05143177137,0
1772.78228988871,1309.42791327834,0
69.0292487852275,1303.30986250192,0
797.389721963555,177.899467758834,0
164.234809111804,1385.86289435625,0
1362.52609686926,600.209557451308,0
1729.15371414274,413.684976752847,0
1095.00892087817,1610.6216032058,0
264.595807064325,322.728028520942,0
101.859180722386,882.000011857599,0
1087.56808470935,545.799742918462,0
408.84393453598,6.80253421887755,0
1979.90837460384,38.5100157000124,0
996.580624487251,222.910375334322,0
1266.30089245737,1067.39936769009,0
509.466052055359,776.676857378334,0
95.5268237739801,31.7364255897701,0
1520.9712726064,1718.95338920876,0
163.384986575693,754.738281946629,0
489.708496723324,1903.64863583818,0
771.67671918869,660.166818182915,0
1244.86537650228,366.929504089057,0
637.960952706635,112.925417721272,0
1421.16835061461,1453.08125717565,0
1659.81524949893,97.8866261430085,0
244.732139166445,1286.95576684549,0
492.920137476176,1994.43651037291,0
425.533252302557,444.951570127159,0
889.356728643179,1007.8932880424,0
1177.0288310945,1180.27987098321,0
1406.92351199687,978.663305286318,0
742.510727606714,875.926143489778,0
158.204595558345,184.840610716492,0
360.546418465674,954.895632807165,0
1820.62386022881,446.151266340166,0
1900.18393006176,903.416646644473,0
34.5516749657691,372.032378334552,0
317.866535391659,250.079962890595,0
1957.05970050767,1907.31626935303,0
364.021700341254,924.649000167847,0
1816.3985372521,1767.0141402632,0
21.0030423477292,1146.4731162414,0
972.669719718397,922.428851481527,0
825.322602875531,352.100104093552,0
214.8611927405,838.429996278137,0
396.493932697922,1119.53641334549,0
1635.17432752997,388.741510454565,0
19.0974050201476,495.434784796089,0
546.652192715555,1702.99084624276,0
1304.44339755923,1951.85151603073,0
317.990334704518,56.0963372699916,0
1282.82394818962,1521.3359054178,0
375.693063717335,1985.19315756857,0
1691.44145259634,620.996846817434,0
305.008857510984,100.526634603739,0
171.108505688608,26.310982182622,0
1302.04678839073,136.82815618813,0
966.244968120009,1403.84918032214,0
1244.49302302673,1922.92647622526,0
1586.2721898593,860.806666780263,0
1370.89545326307,810.74920669198,0
1699.62754705921,1196.92184217274,0
1289.42997939885,786.175741348416,0
1909.87413283437,1961.97041170672,0
958.148190286011,1050.9779616259,0
513.378161936998,1362.52450942993,0
1747.24694946781,1897.94337423518,0
1587.58820453659,1402.03349851072,0
741.164449136704,1016.77905349061,0
791.982739232481,602.147180121392,0
1091.28338750452,723.596207797527,0
872.974650003016,508.293471299112,0
1945.92403713614,1238.45633491874,0
419.236009009182,1490.50595238805,0
591.674511320889,261.039356701076,0
71.2736174464226,1630.82982879132,0
1135.4914791882,203.195019625127,0
1022.93398464099,1483.12841588631,0
1811.66257523,1816.69262843207,0
1951.72009430826,633.111188653857,0
292.605676688254,437.196743208915,0
637.957755476236,60.2932022884488,0
1483.90033748001,1614.76534325629,0
1897.39850629121,1956.92864479497,0
1266.64813561365,173.198129050434,0
930.839739274234,475.99756764248,0
114.726555999368,387.277497909963,0
964.341938495636,1384.22557944432,0
125.751705374569,1934.46794897318,0
348.433791194111,1751.22913718224,0
866.263289004564,1798.52784471586,0
1782.04391431063,1734.36948331073,0
41.2130090408027,128.951697144657,0
269.113482441753,911.668695509434,0
302.769198082387,724.205658305436,0
171.362378168851,350.791707169265,0
513.194619677961,1783.93531218171,0
1698.76658450812,1171.13680671901,0
769.394469447434,741.729366127402,0
413.51270256564,1806.65995785967,0
595.133664086461,1190.00064581633,0
139.616121537983,923.280448652804,0
637.644928880036,474.803041201085,0
1411.12112952396,796.288443729281,0
227.982135489583,1981.65346914902,0
685.342721175402,1235.53796857595,0
1894.5616777055,1952.18593254685,0
1596.37691173702,876.153425779194,0
691.311447881162,530.692922417074,0
247.367043979466,552.519859746099,0
1240.07813399658,934.346804395318,0
1447.63856194913,1855.76104512438,0
220.477202907205,503.314143978059,0
1920.70634430274,1630.91127062216,0
120.738447643816,603.258745744824,0
448.846832383424,1845.91706097126,0
1412.01950237155,572.720961645246,0
688.877138774842,1793.56102179736,0
826.965468935668,1584.47923744097,0
766.949215438217,1506.01446069777,0
121.202088426799,1103.71241113171,0
1836.28670871258,1789.33446481824,0
349.031790625304,1025.50868969411,0
832.933988422155,365.098184440285,0
632.328095845878,1603.6857557483,0
121.354419272393,824.87007509917,0
763.236619066447,864.713898859918,0
1694.51483013108,1279.47615738958,0
1360.22582603619,1875.57089840993,0
795.415590517223,186.623834073544,0
1481.25255433843,480.778976809233,0
579.315403942019,1159.29590538144,0
726.428977679461,1463.50383711979,0
543.708993121982,1780.22967558354,0
1907.93907362968,897.070137783885,0
681.490404997021,177.330866921693,0
747.68165173009,1615.83163356408,0
1299.40266720951,1611.55503895134,0
629.294483922422,1360.52732821554,0
553.258215542883,1156.04718960822,0
966.585926245898,1500.30874321237,0
300.372628960758,928.282488603145,0
223.152908496559,1845.72311351076,0
1796.92263808101,49.4602592661977,0
541.788863483816,1692.79653811827,0
2.87086889147758,391.932363621891,0
1731.63831466809,1123.38340654969,0
470.149991568178,1464.51976941898,0
503.70767340064,836.386307142675,0
828.136027324945,1947.82127998769,0
1353.80343161523,1277.95747248456,0
970.299834385514,422.26227093488,0
291.684647556394,1080.28058661148,0
1678.688286338,1580.0243485719,0
41.8850933201611,1161.53690265492,0
823.993209283799,922.439797315747,0
1128.79488291219,115.841102320701,0
598.575690295547,473.615314345807,0
1169.24565145746,1679.79634227231,0
1573.96268099546,545.526068657637,0
1409.40367011353,283.511732239276,0
1193.7828133814,346.031910274178,0
460.321381688118,803.11261722818,0
1778.37422024459,284.34251062572,0
727.931995876133,1697.75895494968,0
1614.34208136052,393.41007405892,0
1535.59133969247,839.90391343832,0
1267.05736480653,1750.53315376863,0
1923.21589123458,988.964462187141,0
245.239384006709,1410.32229876146,0
280.633381567895,1580.401847139,0
1669.97291892767,1847.29282511398,0
1570.42016461492,1884.92353772745,0
878.076629247516,1221.76621994004,0
1184.94756845757,1348.79283141345,0
848.921717144549,1395.13446902856,0
1714.5607965067,1426.28188896924,0
187.762702815235,538.691610097885,0
505.555787589401,355.685756076127,0
1370.8511441946,898.034268990159,0
816.723854281008,1797.40952327847,0
60.232509393245,1433.77701612189,0
1405.20105836913,1263.42127285898,0
1007.23766116425,632.900808937848,0
883.922080975026,1434.4188850373,0
281.44623618573,1906.56117768958,0
1452.00537284836,816.667170263827,0
1091.2152742967,291.215750388801,0
1719.88543774933,324.206249322742,0
622.523632831872,427.735343575478,0
1465.76568903401,575.875441078097,0
1187.98876367509,267.517684027553,0
1252.10961000994,593.193942215294,0
446.465888060629,1312.42088181898,0
1999.60489524528,74.8547525145113,0
1702.40036165342,618.363208603114,0
30.3847920149565,1040.12939473614,0
1439.44763299078,1911.70164151117,0
743.280156515539,1270.21838817745,0
1175.71248114109,922.278494108468,0
193.330110516399,879.479235969484,0
608.925462700427,433.073222171515,0
16.7661206796765,1080.31084435061,0
751.042964868248,633.202985394746,0
384.231570642442,1502.54909833893,0
703.572795726359,920.18281808123,0
432.752924971282,958.584629464895,0
726.164402905852,965.537820011377,0
181.384711991996,1109.31053105742,0
143.111184239388,520.221725106239,0
1793.75379625708,5.54395653307438,0
432.505425065756,284.267114941031,0
1946.41523482278,459.943235851824,0
399.04253045097,1702.56505720317,0
420.458072330803,269.630467519164,0
462.947362102568,28.7383934482932,0
1299.62076246738,96.4391366578639,0
1811.58085353673,361.485198140144,0
1959.91162303835,1237.27702954784,0
721.535288263112,260.395154822618,0
1712.90614269674,906.451582442969,0
1586.31806029007,1584.93330702186,0
1310.4228656739,336.542999371886,0
893.747080583125,455.713177099824,0
1614.2595349811,1825.42258873582,0
410.398362204432,373.220216017216,0
1029.48211925104,1747.97570286319,0
530.424389056861,1919.83419330791,0
1675.8642680943,826.63589483127,0
312.536826822907,953.072405420244,0
816.140809096396,1873.11729043722,0
894.656456075609,44.2730342037976,0
712.929086759686,705.716229043901,0
728.753889910877,1232.7293548733,0
356.679276563227,1188.97290760651,0
599.524807184935,1511.42088603228,0
953.470050822943,799.893499352038,0
1398.51147355512,698.235574644059,0
1772.48405199498,148.721469566226,0
1359.44628529251,1705.95703087747,0
1535.56209150702,1577.54129450768,0
1117.74249840528,1847.78651129454,0
140.845865942538,316.966464277357,0
693.928133230656,1646.55694132671,0
737.797972746193,1736.76904430613,0
1593.6641683802,1255.03559270874,0
242.257620207965,647.672736551613,0
1700.46383887529,1477.57788002491,0
463.362766429782,1816.1407513544,0
1280.60780372471,7.75301735848188,0
1223.17969426513,1308.46101325005,0
1163.53963501751,508.028021547943,0
558.027994818985,220.225928351283,0
208.299375139177,523.304610047489,0
1885.95173647627,1719.85000558197,0
1835.86107427254,1165.13870609924,0
1293.71286183596,881.847978569567,0
565.367722418159,984.859019517899,0
906.440505292267,1631.45130733028,0
321.566789411008,1864.3202628009,0
471.706435550004,268.474199809134,0
1793.75695670024,1772.24703785032,0
1826.73576334491,1838.66896852851,0
1362.23762715235,1380.02560427412,0
469.830898102373,724.061497952789,0
258.684400003403,785.409617237747,0
1458.98693660274,1254.72687417641,0
33.7686277925968,862.709910143167,0
708.001133520156,64.4675558432937,0
1364.09817170352,302.869906648993,0
1331.80298795924,1108.26554615051,0
585.390413645655,1093.89296965674,0
940.530910156667,432.433555368334,0
1081.2107953243,732.006448321044,0
1501.99041189626,1757.15534109622,0
901.706007774919,1073.34569888189,0
126.382374670357,912.698273546994,0
470.849281176925,883.450650144368,0
182.323054410517,1306.80211912841,0
774.133026134223,1878.67168802768,0
286.59231076017,1111.75763746724,0
426.266024354845,1156.31297416985,0
1978.55441365391,1805.8639280498,0
1483.92807552591,1995.67264690995,0
471.281130798161,1442.43488553911,0
876.779333222657,976.5286562033,0
1981.70960461721,395.472251810133,0
1165.3179936111,1452.85747200251,0
1598.64303981885,99.1185000166297,0
926.424985285848,1028.86589709669,0
1117.2539992258,1498.92992153764,0
1699.48773225769,514.155614189804,0
830.382528249174,473.139001522213,0
247.132494580001,312.979270238429,0
780.863320920616,653.716989792883,0
1954.2701151222,1201.24866766855,0
711.420785170048,796.342662069947,0
946.127175819129,1101.56464809552,0
692.216543015093,527.370599564165,0
1204.34219576418,1198.83514754474,0
1739.69326866791,1353.99747826159,0
666.967524215579,1522.56914833561,0
533.398661296815,1291.93236446008,0
840.978923253715,882.874431088567,0
1578.07076023892,274.921486154199,0
673.793804831803,1813.13979066908,0
3.99652728810906,638.297876343131,0
343.755695968866,1564.82658302411,0
372.71250365302,361.828737426549,0
428.685465827584,215.526971034706,0
790.928442496806,1119.65076811612,0
1030.79127892852,164.055535569787,0
89.4921869039536,425.829426851124,0
718.754220753908,1477.91460063308,0
1466.51991456747,1492.63583077118,0
1208.28219084069,50.0936447642744,0
887.048318050802,1197.75326363742,0
963.611298706383,1755.12434123084,0
395.44594520703,1329.16580419987,0
694.042216055095,1811.93979782984,0
174.172929953784,1605.94268562272,0
603.094288613647,197.507468983531,0
1485.39541754872,393.611100967973,0
325.3871249035,167.405971325934,0
1011.99244055897,1189.30707871914,0
1150.49720834941,514.87026643008,0
1240.24532083422,1975.01139668748,0
328.25418189168,1791.05915641412,0
1551.41961015761,807.969892863184,0
184.904464986175,311.55523005873,0
762.30194279924,1649.73921375349,0
804.964321199805,795.707271434367,0
1149.97639134526,1958.91001261771,0
1036.40767466277,964.090491179377,0
109.147201757878,278.962924610823,0
232.739898841828,1971.72068525106,0
1014.1696468927,442.676097620279,0
180.576167069376,1545.84471229464,0
1374.28578967229,181.104256771505,0
907.037993893027,70.1725301332772,0
150.669483467937,305.797208566219,0
505.747243296355,1542.70136635751,0
114.782531745732,1101.25163150951,0
1578.49030662328,1582.36751658842,0
1173.95536135882,57.143232319504,0
1851.60125372931,1808.78654401749,0
409.692790359259,1487.89278510958,0
1331.3145772554,173.420357517898,0
1209.29461158812,1352.00020112097,0
379.719212651253,1647.54374139011,0
80.5840906687081,1636.99130760506,0
870.250163134187,761.841075029224,0
1672.64284845442,549.063669983298,0
1335.5127517134,1430.89626496658,0
236.621473450214,135.958712548018,0
265.371151268482,1470.26868630201,0
152.903554495424,1034.02596106753,0
531.856091693044,434.951509349048,0
207.712177187204,872.583058662713,0
1860.63112691045,260.310387704521,0
299.050717614591,1743.78323415294,0
1986.84011911973,499.306356068701,0
376.473403535783,627.217865549028,0
821.328460238874,389.113846700639,0
1999.15667856112,1168.77273004502,0
887.911877594888,1949.16325388476,0
620.053370948881,1060.32258877531,0
1052.73917363957,428.402088116854,0
1585.10815305635,1025.67516779527,0
1559.71185443923,206.782981287688,0
467.277824413031,714.10178206861,0
1020.35153936595,1804.89328084514,0
928.142577409744,173.586015589535,0
704.168183263391,1586.27182943746,0
294.305009767413,1191.69300980866,0
1816.80089561269,1505.46868052334,0
1367.91571695358,1805.46213267371,0
634.045842569321,1685.51916675642,0
1131.06483081356,1838.14067579806,0
565.306820906699,15.132965054363,0
1259.8075484857,1656.70650824904,0
92.3528829589486,1017.81222550198,0
1820.53079921752,1422.60371334851,0
1331.14560740069,359.500055201352,0
508.907751180232,745.564791373909,0
370.91997731477,332.276126369834,0
86.9363080710173,858.823915012181,0
1561.61963148043,325.335017871112,0
1897.12868956849,1683.45953803509,0
924.003783613443,1072.3461965099,0
1993.45602374524,861.670950893313,0
1774.64683353901,604.044722858816,0
282.915726769716,1805.03716925159,0
891.614718362689,1217.6507152617,0
1564.90883976221,1327.07001967356,0
595.457161776721,1148.23014615104,0
524.322151206434,719.165109563619,0
1750.46017905697,1667.02127968892,0
1327.2713329643,1070.15993539244,0
1637.80786702409,214.626189786941,0
1517.17410655692,1662.1199506335,0
976.789401844144,406.485085375607,0
1811.41013232991,217.634413857013,0
243.052104953676,376.066292636096,0
1572.53575744107,701.317100785673,0
356.219743844122,1529.72313156351,0
568.549668416381,478.865924291313,0
1885.10525831953,1094.37777753919,0
125.571514014155,1873.43733524904,0
370.625416282564,303.804495371878,0
502.84048076719,73.530382476747,0
537.92498447001,115.928405895829,0
862.203712109476,1629.26085200161,0
576.208614744246,1708.73320428655,0
1086.25951316208,1846.85979411006,0
501.894747838378,923.548517748713,0
1012.44635414332,1753.60244233161,0
911.952235735953,277.365137357265,0
10.5734625831246,1437.54290463403,0
1559.98535547405,45.5154278315604,0
1595.83729272708,1392.38183852285,0
1178.68755571544,1548.590995837,0
1067.96889053658,1138.2032064721,0
1116.99048010632,1976.21346497908,0
895.887761376798,1655.13659175485,0
1647.17706898227,1826.0110639967,0
589.570494368672,765.943985432386,0
710.770547855645,1185.83744438365,0
1551.51803651825,235.913619399071,0
1041.46509757265,311.198164708912,0
606.043821200728,400.901232846081,0
1949.89646971226,1988.38108265772,0
